-- --------------------------------------------------------
-- 호스트:                          127.0.0.1
-- 서버 버전:                        10.5.3-MariaDB - mariadb.org binary distribution
-- 서버 OS:                        Win64
-- HeidiSQL 버전:                  11.0.0.5919
-- --------------------------------------------------------

/*!40101 SET @OLD_CHARACTER_SET_CLIENT=@@CHARACTER_SET_CLIENT */;
/*!40101 SET NAMES utf8 */;
/*!50503 SET NAMES utf8mb4 */;
/*!40014 SET @OLD_FOREIGN_KEY_CHECKS=@@FOREIGN_KEY_CHECKS, FOREIGN_KEY_CHECKS=0 */;
/*!40101 SET @OLD_SQL_MODE=@@SQL_MODE, SQL_MODE='NO_AUTO_VALUE_ON_ZERO' */;


-- suamil_db 데이터베이스 구조 내보내기
DROP DATABASE IF EXISTS `dbwodud89`;
CREATE DATABASE IF NOT EXISTS `dbwodud89` /*!40100 DEFAULT CHARACTER SET utf8 */;
USE `dbwodud89`;

-- 테이블 suamil_db.file_tb 구조 내보내기
DROP TABLE IF EXISTS `file_tb`;
CREATE TABLE IF NOT EXISTS `file_tb` (
  `num` int(11) NOT NULL DEFAULT 0,
  `originfile` varchar(200) DEFAULT NULL,
  `serverfile` varchar(200) DEFAULT NULL,
  `boardname` varchar(30) NOT NULL,
  KEY `fk_file_board` (`num`),
  CONSTRAINT `fk_file_board` FOREIGN KEY (`num`) REFERENCES `multi_board` (`num`) ON DELETE CASCADE
) ENGINE=InnoDB DEFAULT CHARSET=utf8;

-- 테이블 데이터 suamil_db.file_tb:~64 rows (대략적) 내보내기
DELETE FROM `file_tb`;
/*!40000 ALTER TABLE `file_tb` DISABLE KEYS */;
INSERT INTO `file_tb` (`num`, `originfile`, `serverfile`, `boardname`) VALUES
	(411, '다운로드.jpg', '2020_06_03_2_1_44_353.jpg', 'dataroom'),
	(411, NULL, NULL, 'dataroom'),
	(411, NULL, NULL, 'dataroom'),
	(411, '다운로드.jpg', '2020_06_03_2_12_37_297.jpg', 'dataroom'),
	(411, '펭.jpg', '2020_06_03_2_18_53_909.jpg', 'dataroom'),
	(411, '터널.jpg', '2020_06_03_2_19_51_177.jpg', 'dataroom'),
	(663, '터널.jpg', '2020_06_03_2_57_20_414.jpg', 'dataroom'),
	(664, NULL, NULL, 'dataroom'),
	(665, NULL, NULL, 'dataroom'),
	(666, NULL, NULL, 'dataroom'),
	(667, NULL, NULL, 'freeboard'),
	(668, NULL, NULL, 'freeboard'),
	(669, NULL, NULL, 'freeboard'),
	(671, NULL, NULL, 'freeboard'),
	(680, '사자.jpg', '2020_06_03_12_26_3_20.jpg', 'dataroom'),
	(681, '사진어플.jpg', '2020_06_03_12_47_50_230.jpg', 'dataroom'),
	(684, '사자.jpg', '2020_06_03_17_33_1_123.jpg', 'dataroom'),
	(686, '다운로드.jpg', '2020_06_03_17_33_46_937.jpg', 'dataroom'),
	(687, '배포확인.png', '2020_06_03_17_34_54_269.png', 'dataroom'),
	(696, NULL, NULL, 'dataroom'),
	(699, NULL, NULL, 'dataroom'),
	(701, NULL, NULL, 'dataroom'),
	(706, NULL, NULL, 'dataroom'),
	(707, '펭.jpg', '2020_06_03_20_59_57_522.jpg', 'dataroom'),
	(712, '종이비행기.jpg', '2020_06_03_21_12_27_994.jpg', 'dataroom'),
	(741, '사자.jpg', '2020_06_04_0_15_49_477.jpg', 'gallery'),
	(742, '종이비행기.jpg', '2020_06_04_0_16_6_221.jpg', 'gallery'),
	(744, '종이비행기.jpg', '2020_06_04_0_25_57_957.jpg', 'dataroom'),
	(745, '터널.jpg', '2020_06_04_0_27_9_436.jpg', 'gallery'),
	(746, '자동차.jpg', '2020_06_04_0_46_13_806.jpg', 'gallery'),
	(747, '펭.jpg', '2020_06_04_0_46_27_94.jpg', 'gallery'),
	(748, '사진어플.jpg', '2020_06_04_0_46_48_733.jpg', 'gallery'),
	(752, '다운로드.jpg', '2020_06_04_16_34_37_20.jpg', 'volunteer'),
	(753, '자동차.jpg', '2020_06_04_17_34_46_475.jpg', 'gallery'),
	(754, '포포리.jpg', '2020_06_04_20_45_16_144.jpg', 'gallery'),
	(756, 'dog.jpg', '2020_06_04_20_49_33_965.jpg', 'gallery'),
	(749, '심슨.jpg', '2020_06_04_21_20_7_456.jpg', 'gallery'),
	(757, '라이언.png', '2020_06_04_21_53_6_716.png', 'dataroom'),
	(758, '냥.jpg', '2020_06_06_12_23_28_272.jpg', 'community'),
	(760, '다운로드1.jpg', '2020_06_05_17_12_59_987.jpg', 'gallery'),
	(760, '다운로드.jpg', '2020_06_05_17_12_59_987.jpg', 'gallery'),
	(761, '사자.jpg', '2020_06_05_17_13_16_624.jpg', 'gallery'),
	(762, 'flower.jpg', '2020_06_05_17_13_52_206.jpg', 'gallery'),
	(763, '우주.jpg', '2020_06_05_17_15_28_78.jpg', 'gallery'),
	(764, '고양.png', '2020_06_05_17_15_54_215.png', 'gallery'),
	(765, '태극기.jpg', '2020_06_05_17_16_56_413.jpg', 'gallery'),
	(766, '다운로드.jpg', '2020_06_05_17_21_6_96.jpg', 'gallery'),
	(768, '터널.jpg', '2020_06_05_17_29_5_172.jpg', 'gallery'),
	(769, 'flower.jpg', '2020_06_05_17_29_15_768.jpg', 'gallery'),
	(770, '터널.jpg', '2020_06_05_17_37_51_507.jpg', 'gallery'),
	(771, '사자.jpg', '2020_06_05_17_37_59_566.jpg', 'gallery'),
	(772, '다운로드.jpg', '2020_06_05_17_42_45_925.jpg', 'gallery'),
	(773, '고양.png', '2020_06_05_17_56_34_879.png', 'gallery'),
	(774, '심슨.jpg', '2020_06_05_18_3_32_204.jpg', 'gallery'),
	(775, 'dog.jpg', '2020_06_05_18_17_26_209.jpg', 'gallery'),
	(776, '고양.png', '2020_06_05_18_17_52_107.png', 'gallery'),
	(777, '포포리.jpg', '2020_06_05_18_25_40_901.jpg', 'dataroom'),
	(778, '사자.jpg', '2020_06_06_8_49_21_398.jpg', 'community'),
	(779, '우주.jpg', '2020_06_06_12_23_11_250.jpg', 'dataroom'),
	(780, '포포리.jpg', '2020_06_06_13_37_30_525.jpg', 'dataroom'),
	(791, '라이언.png', '2020_06_06_15_29_12_446.png', 'community'),
	(794, 'flower.jpg', '2020_06_06_15_57_37_99.jpg', 'community'),
	(819, '태극기.jpg', '2020_06_08_13_18_42_936.jpg', 'gallery'),
	(820, '포포리.jpg', '2020_06_08_13_19_20_720.jpg', 'gallery');
/*!40000 ALTER TABLE `file_tb` ENABLE KEYS */;

-- 테이블 suamil_db.membership 구조 내보내기
DROP TABLE IF EXISTS `membership`;
CREATE TABLE IF NOT EXISTS `membership` (
  `name` varchar(30) NOT NULL,
  `id` varchar(30) NOT NULL,
  `pass` varchar(30) NOT NULL,
  `tel` varchar(30) DEFAULT NULL,
  `phone` varchar(30) NOT NULL,
  `email` varchar(50) DEFAULT NULL,
  `subscribe` varchar(50) NOT NULL DEFAULT 'N',
  `address` varchar(200) DEFAULT NULL,
  `zipcode` varchar(10) DEFAULT NULL,
  `grade` varchar(20) NOT NULL DEFAULT '일반',
  `regidate` datetime NOT NULL DEFAULT current_timestamp(),
  UNIQUE KEY `id` (`id`)
) ENGINE=InnoDB DEFAULT CHARSET=utf8;

-- 테이블 데이터 suamil_db.membership:~13 rows (대략적) 내보내기
DELETE FROM `membership`;
/*!40000 ALTER TABLE `membership` DISABLE KEYS */;
INSERT INTO `membership` (`name`, `id`, `pass`, `tel`, `phone`, `email`, `subscribe`, `address`, `zipcode`, `grade`, `regidate`) VALUES
	('ds', 'aaaaaaaaaa2', 'qwe123', '', '222', 'ds@sdsd', 'N', 'ss (sdd)', '', '일반', '2020-06-02 23:10:13'),
	('관리자', 'admin', '1234', '010-0000-0000', '010-0000-0000', 'liujeayat@naver.com', 'Y', '가산디지털단지', NULL, '관리자', '2020-05-29 12:05:07'),
	('asdasd', 'admin333', 'qwe123', '434343', '34444343', '43@4334', 'N', '4334 (3443)', '4334', '일반', '2020-05-30 22:13:58'),
	('asdf', 'asdf43322', 'qwe123', 'sdfafdsfa', 'fdfafsfas', 'fds@fsad', 'N', 'sadf (dfsaadf)', 'fdsf', '일반', '2020-05-30 22:16:24'),
	('asdf', 'asdf4334', 'qwe123', 'sdfafdsfa', 'fdfafsfas', 'fds@fsad', 'N', 'ㅇㄴㄹ미 (ㅁㄴㅇㄹ)', 'fdsf', '일반', '2020-05-30 22:17:59'),
	('jaeyeong', 'dbwodu34', 'qwe1231', '01012345678', '08032153215', '32@hotmail.com', 'Y', '서울 금천구 독산동 (3433)', '08085', '일반', '2020-05-30 21:59:26'),
	('jaeyeong', 'gsa3f34', 'qwe123', 'asfafdsdad', 'fdf3215dfaf', 'das@fa', 'N', '서울 금천구 독산동 ()', '08085', '일반', '2020-05-30 22:20:33'),
	('유재영', 'ID', 'PASS', '0102224444', '0102224444', 'liujeayat@gmail.com', 'Y', '가산동', '080334', '일반', '2020-05-30 21:45:12'),
	('홍길동', 'kosmo', '1234', '010-1234-5678', '010-1234-5678', 'hong@naver.com', 'Y', '가산디지털단지', NULL, '일반', '2020-05-28 23:11:23'),
	('jaeyeong', 'rfe43', 'qwe123', '3233', '23332152332', '3@323', 'N', '서울 금천구 독산동 ()', '08085', '일반', '2020-05-30 22:23:08'),
	('sadfsaf', 'sdff3', 'qwe123', '', '333', 'dsaf@dsf', 'N', ' ()', '', '일반', '2020-06-03 01:15:41'),
	('adfdfdf', 'vvvvvv3', 'qwe123', '', 'dfdse', 'sdfs@ddf', 'N', 'sfd (sdfs)', 'dsfsdf', '일반', '2020-06-03 00:30:40'),
	('sdfsadffa', 'zzzzzzzzzz2', 'qwe123', '323', '223323223', '32@23322', 'N', '3223 ()', '3232', '일반', '2020-06-02 23:07:54');
/*!40000 ALTER TABLE `membership` ENABLE KEYS */;

-- 테이블 suamil_db.multi_board 구조 내보내기
DROP TABLE IF EXISTS `multi_board`;
CREATE TABLE IF NOT EXISTS `multi_board` (
  `num` int(11) NOT NULL AUTO_INCREMENT,
  `title` varchar(200) NOT NULL,
  `content` text NOT NULL,
  `postdate` datetime DEFAULT current_timestamp(),
  `id` varchar(30) NOT NULL,
  `visitcount` mediumint(9) NOT NULL DEFAULT 0,
  `boardname` varchar(30) NOT NULL DEFAULT 'freeboard',
  PRIMARY KEY (`num`),
  KEY `fk_member_mulBoard` (`id`),
  CONSTRAINT `fk_member_mulBoard` FOREIGN KEY (`id`) REFERENCES `membership` (`id`)
) ENGINE=InnoDB AUTO_INCREMENT=821 DEFAULT CHARSET=utf8;

-- 테이블 데이터 suamil_db.multi_board:~389 rows (대략적) 내보내기
DELETE FROM `multi_board`;
/*!40000 ALTER TABLE `multi_board` DISABLE KEYS */;
INSERT INTO `multi_board` (`num`, `title`, `content`, `postdate`, `id`, `visitcount`, `boardname`) VALUES
	(411, '1 번째 공지입니다. 제목이 긴 공지입니다. 제목제목제목제목제목제목제목제목제목제목제목제목제목제목제목제목', '1번째 공지내용내용내용내용내용내용내용내용내용내용내용내용내용내용내용', '2020-06-01 14:02:45', 'admin', 0, 'admin'),
	(412, '2 번째 공지입니다. 제목이 긴 공지입니다. 제목제목제목제목제목제목제목제목제목제목제목제목제목제목제목제목', '2번째 공지내용내용내용내용내용내용내용내용내용내용내용내용내용내용내용', '2020-06-01 14:02:45', 'admin', 0, 'admin'),
	(413, '3 번째 공지입니다. 제목이 긴 공지입니다. 제목제목제목제목제목제목제목제목제목제목제목제목제목제목제목제목', '3번째 공지내용내용내용내용내용내용내용내용내용내용내용내용내용내용내용', '2020-06-01 14:02:45', 'admin', 1, 'admin'),
	(414, '4 번째 공지입니다. 제목이 긴 공지입니다. 제목제목제목제목제목제목제목제목제목제목제목제목제목제목제목제목', '4번째 공지내용내용내용내용내용내용내용내용내용내용내용내용내용내용내용', '2020-06-01 14:02:45', 'admin', 0, 'admin'),
	(415, '5 번째 공지입니다. 제목이 긴 공지입니다. 제목제목제목제목제목제목제목제목제목제목제목제목제목제목제목제목', '5번째 공지내용내용내용내용내용내용내용내용내용내용내용내용내용내용내용', '2020-06-01 14:02:45', 'admin', 0, 'admin'),
	(416, '6 번째 공지입니다. 제목이 긴 공지입니다. 제목제목제목제목제목제목제목제목제목제목제목제목제목제목제목제목', '6번째 공지내용내용내용내용내용내용내용내용내용내용내용내용내용내용내용', '2020-06-01 14:02:45', 'admin', 0, 'admin'),
	(417, '7 번째 공지입니다. 제목이 긴 공지입니다. 제목제목제목제목제목제목제목제목제목제목제목제목제목제목제목제목', '7번째 공지내용내용내용내용내용내용내용내용내용내용내용내용내용내용내용', '2020-06-01 14:02:45', 'admin', 0, 'admin'),
	(418, '8 번째 공지입니다. 제목이 긴 공지입니다. 제목제목제목제목제목제목제목제목제목제목제목제목제목제목제목제목', '8번째 공지내용내용내용내용내용내용내용내용내용내용내용내용내용내용내용', '2020-06-01 14:02:45', 'admin', 0, 'admin'),
	(419, '9 번째 공지입니다. 제목이 긴 공지입니다. 제목제목제목제목제목제목제목제목제목제목제목제목제목제목제목제목', '9번째 공지내용내용내용내용내용내용내용내용내용내용내용내용내용내용내용', '2020-06-01 14:02:45', 'admin', 0, 'admin'),
	(420, '10 번째 공지입니다. 제목이 긴 공지입니다. 제목제목제목제목제목제목제목제목제목제목제목제목제목제목제목제목', '10번째 공지내용내용내용내용내용내용내용내용내용내용내용내용내용내용내용', '2020-06-01 14:02:45', 'admin', 0, 'admin'),
	(421, '11 번째 공지입니다. 제목이 긴 공지입니다. 제목제목제목제목제목제목제목제목제목제목제목제목제목제목제목제목', '11번째 공지내용내용내용내용내용내용내용내용내용내용내용내용내용내용내용', '2020-06-01 14:02:45', 'admin', 0, 'admin'),
	(422, '12 번째 공지입니다. 제목이 긴 공지입니다. 제목제목제목제목제목제목제목제목제목제목제목제목제목제목제목제목', '12번째 공지내용내용내용내용내용내용내용내용내용내용내용내용내용내용내용', '2020-06-01 14:02:45', 'admin', 0, 'admin'),
	(423, '13 번째 공지입니다. 제목이 긴 공지입니다. 제목제목제목제목제목제목제목제목제목제목제목제목제목제목제목제목', '13번째 공지내용내용내용내용내용내용내용내용내용내용내용내용내용내용내용', '2020-06-01 14:02:45', 'admin', 0, 'admin'),
	(424, '14 번째 공지입니다. 제목이 긴 공지입니다. 제목제목제목제목제목제목제목제목제목제목제목제목제목제목제목제목', '14번째 공지내용내용내용내용내용내용내용내용내용내용내용내용내용내용내용', '2020-06-01 14:02:45', 'admin', 0, 'admin'),
	(425, '15 번째 공지입니다. 제목이 긴 공지입니다. 제목제목제목제목제목제목제목제목제목제목제목제목제목제목제목제목', '15번째 공지내용내용내용내용내용내용내용내용내용내용내용내용내용내용내용', '2020-06-01 14:02:45', 'admin', 0, 'admin'),
	(426, '16 번째 공지입니다. 제목이 긴 공지입니다. 제목제목제목제목제목제목제목제목제목제목제목제목제목제목제목제목', '16번째 공지내용내용내용내용내용내용내용내용내용내용내용내용내용내용내용', '2020-06-01 14:02:45', 'admin', 0, 'admin'),
	(427, '17 번째 공지입니다. 제목이 긴 공지입니다. 제목제목제목제목제목제목제목제목제목제목제목제목제목제목제목제목', '17번째 공지내용내용내용내용내용내용내용내용내용내용내용내용내용내용내용', '2020-06-01 14:02:45', 'admin', 0, 'admin'),
	(428, '18 번째 공지입니다. 제목이 긴 공지입니다. 제목제목제목제목제목제목제목제목제목제목제목제목제목제목제목제목', '18번째 공지내용내용내용내용내용내용내용내용내용내용내용내용내용내용내용', '2020-06-01 14:02:45', 'admin', 0, 'admin'),
	(429, '19 번째 공지입니다. 제목이 긴 공지입니다. 제목제목제목제목제목제목제목제목제목제목제목제목제목제목제목제목', '19번째 공지내용내용내용내용내용내용내용내용내용내용내용내용내용내용내용', '2020-06-01 14:02:45', 'admin', 0, 'admin'),
	(430, '20 번째 공지입니다. 제목이 긴 공지입니다. 제목제목제목제목제목제목제목제목제목제목제목제목제목제목제목제목', '20번째 공지내용내용내용내용내용내용내용내용내용내용내용내용내용내용내용', '2020-06-01 14:02:45', 'admin', 0, 'admin'),
	(431, '21 번째 공지입니다. 제목이 긴 공지입니다. 제목제목제목제목제목제목제목제목제목제목제목제목제목제목제목제목', '21번째 공지내용내용내용내용내용내용내용내용내용내용내용내용내용내용내용', '2020-06-01 14:02:45', 'admin', 0, 'admin'),
	(432, '22 번째 공지입니다. 제목이 긴 공지입니다. 제목제목제목제목제목제목제목제목제목제목제목제목제목제목제목제목', '22번째 공지내용내용내용내용내용내용내용내용내용내용내용내용내용내용내용', '2020-06-01 14:02:45', 'admin', 0, 'admin'),
	(433, '23 번째 공지입니다. 제목이 긴 공지입니다. 제목제목제목제목제목제목제목제목제목제목제목제목제목제목제목제목', '23번째 공지내용내용내용내용내용내용내용내용내용내용내용내용내용내용내용', '2020-06-01 14:02:45', 'admin', 0, 'admin'),
	(434, '24 번째 공지입니다. 제목이 긴 공지입니다. 제목제목제목제목제목제목제목제목제목제목제목제목제목제목제목제목', '24번째 공지내용내용내용내용내용내용내용내용내용내용내용내용내용내용내용', '2020-06-01 14:02:45', 'admin', 1, 'admin'),
	(435, '25 번째 공지입니다. 제목이 긴 공지입니다. 제목제목제목제목제목제목제목제목제목제목제목제목제목제목제목제목', '25번째 공지내용내용내용내용내용내용내용내용내용내용내용내용내용내용내용', '2020-06-01 14:02:45', 'admin', 0, 'admin'),
	(436, '26 번째 공지입니다. 제목이 긴 공지입니다. 제목제목제목제목제목제목제목제목제목제목제목제목제목제목제목제목', '26번째 공지내용내용내용내용내용내용내용내용내용내용내용내용내용내용내용', '2020-06-01 14:02:45', 'admin', 0, 'admin'),
	(437, '27 번째 공지입니다. 제목이 긴 공지입니다. 제목제목제목제목제목제목제목제목제목제목제목제목제목제목제목제목', '27번째 공지내용내용내용내용내용내용내용내용내용내용내용내용내용내용내용', '2020-06-01 14:02:45', 'admin', 0, 'admin'),
	(438, '28 번째 공지입니다. 제목이 긴 공지입니다. 제목제목제목제목제목제목제목제목제목제목제목제목제목제목제목제목', '28번째 공지내용내용내용내용내용내용내용내용내용내용내용내용내용내용내용', '2020-06-01 14:02:45', 'admin', 0, 'admin'),
	(439, '29 번째 공지입니다. 제목이 긴 공지입니다. 제목제목제목제목제목제목제목제목제목제목제목제목제목제목제목제목', '29번째 공지내용내용내용내용내용내용내용내용내용내용내용내용내용내용내용', '2020-06-01 14:02:45', 'admin', 0, 'admin'),
	(440, '30 번째 공지입니다. 제목이 긴 공지입니다. 제목제목제목제목제목제목제목제목제목제목제목제목제목제목제목제목', '30번째 공지내용내용내용내용내용내용내용내용내용내용내용내용내용내용내용', '2020-06-01 14:02:45', 'admin', 0, 'admin'),
	(441, '31 번째 공지입니다. 제목이 긴 공지입니다. 제목제목제목제목제목제목제목제목제목제목제목제목제목제목제목제목', '31번째 공지내용내용내용내용내용내용내용내용내용내용내용내용내용내용내용', '2020-06-01 14:02:45', 'admin', 0, 'admin'),
	(442, '32 번째 공지입니다. 제목이 긴 공지입니다. 제목제목제목제목제목제목제목제목제목제목제목제목제목제목제목제목', '32번째 공지내용내용내용내용내용내용내용내용내용내용내용내용내용내용내용', '2020-06-01 14:02:45', 'admin', 0, 'admin'),
	(443, '33 번째 공지입니다. 제목이 긴 공지입니다. 제목제목제목제목제목제목제목제목제목제목제목제목제목제목제목제목', '33번째 공지내용내용내용내용내용내용내용내용내용내용내용내용내용내용내용', '2020-06-01 14:02:45', 'admin', 0, 'admin'),
	(444, '34 번째 공지입니다. 제목이 긴 공지입니다. 제목제목제목제목제목제목제목제목제목제목제목제목제목제목제목제목', '34번째 공지내용내용내용내용내용내용내용내용내용내용내용내용내용내용내용', '2020-06-01 14:02:45', 'admin', 0, 'admin'),
	(445, '35 번째 공지입니다. 제목이 긴 공지입니다. 제목제목제목제목제목제목제목제목제목제목제목제목제목제목제목제목', '35번째 공지내용내용내용내용내용내용내용내용내용내용내용내용내용내용내용', '2020-06-01 14:02:45', 'admin', 0, 'admin'),
	(446, '36 번째 공지입니다. 제목이 긴 공지입니다. 제목제목제목제목제목제목제목제목제목제목제목제목제목제목제목제목', '36번째 공지내용내용내용내용내용내용내용내용내용내용내용내용내용내용내용', '2020-06-01 14:02:45', 'admin', 0, 'admin'),
	(447, '37 번째 공지입니다. 제목이 긴 공지입니다. 제목제목제목제목제목제목제목제목제목제목제목제목제목제목제목제목', '37번째 공지내용내용내용내용내용내용내용내용내용내용내용내용내용내용내용', '2020-06-01 14:02:45', 'admin', 0, 'admin'),
	(448, '38 번째 공지입니다. 제목이 긴 공지입니다. 제목제목제목제목제목제목제목제목제목제목제목제목제목제목제목제목', '38번째 공지내용내용내용내용내용내용내용내용내용내용내용내용내용내용내용', '2020-06-01 14:02:45', 'admin', 0, 'admin'),
	(449, '39 번째 공지입니다. 제목이 긴 공지입니다. 제목제목제목제목제목제목제목제목제목제목제목제목제목제목제목제목', '39번째 공지내용내용내용내용내용내용내용내용내용내용내용내용내용내용내용', '2020-06-01 14:02:45', 'admin', 0, 'admin'),
	(450, '40 번째 공지입니다. 제목이 긴 공지입니다. 제목제목제목제목제목제목제목제목제목제목제목제목제목제목제목제목', '40번째 공지내용내용내용내용내용내용내용내용내용내용내용내용내용내용내용', '2020-06-01 14:02:45', 'admin', 0, 'admin'),
	(451, '41 번째 공지입니다. 제목이 긴 공지입니다. 제목제목제목제목제목제목제목제목제목제목제목제목제목제목제목제목', '41번째 공지내용내용내용내용내용내용내용내용내용내용내용내용내용내용내용', '2020-06-01 14:02:45', 'admin', 1, 'admin'),
	(452, '42 번째 공지입니다. 제목이 긴 공지입니다. 제목제목제목제목제목제목제목제목제목제목제목제목제목제목제목제목', '42번째 공지내용내용내용내용내용내용내용내용내용내용내용내용내용내용내용', '2020-06-01 14:02:45', 'admin', 0, 'admin'),
	(453, '43 번째 공지입니다. 제목이 긴 공지입니다. 제목제목제목제목제목제목제목제목제목제목제목제목제목제목제목제목', '43번째 공지내용내용내용내용내용내용내용내용내용내용내용내용내용내용내용', '2020-06-01 14:02:45', 'admin', 0, 'admin'),
	(454, '44 번째 공지입니다. 제목이 긴 공지입니다. 제목제목제목제목제목제목제목제목제목제목제목제목제목제목제목제목', '44번째 공지내용내용내용내용내용내용내용내용내용내용내용내용내용내용내용', '2020-06-01 14:02:45', 'admin', 0, 'admin'),
	(455, '45 번째 공지입니다. 제목이 긴 공지입니다. 제목제목제목제목제목제목제목제목제목제목제목제목제목제목제목제목', '45번째 공지내용내용내용내용내용내용내용내용내용내용내용내용내용내용내용', '2020-06-01 14:02:45', 'admin', 0, 'admin'),
	(456, '46 번째 공지입니다. 제목이 긴 공지입니다. 제목제목제목제목제목제목제목제목제목제목제목제목제목제목제목제목', '46번째 공지내용내용내용내용내용내용내용내용내용내용내용내용내용내용내용', '2020-06-01 14:02:45', 'admin', 0, 'admin'),
	(457, '47 번째 공지입니다. 제목이 긴 공지입니다. 제목제목제목제목제목제목제목제목제목제목제목제목제목제목제목제목', '47번째 공지내용내용내용내용내용내용내용내용내용내용내용내용내용내용내용', '2020-06-01 14:02:45', 'admin', 0, 'admin'),
	(458, '48 번째 공지입니다. 제목이 긴 공지입니다. 제목제목제목제목제목제목제목제목제목제목제목제목제목제목제목제목', '48번째 공지내용내용내용내용내용내용내용내용내용내용내용내용내용내용내용', '2020-06-01 14:02:45', 'admin', 0, 'admin'),
	(459, '49 번째 공지입니다. 제목이 긴 공지입니다. 제목제목제목제목제목제목제목제목제목제목제목제목제목제목제목제목', '49번째 공지내용내용내용내용내용내용내용내용내용내용내용내용내용내용내용', '2020-06-01 14:02:45', 'admin', 1, 'admin'),
	(460, '50 번째 공지입니다. 제목이 긴 공지입니다. 제목제목제목제목제목제목제목제목제목제목제목제목제목제목제목제목', '50번째 공지내용내용내용내용내용내용내용내용내용내용내용내용내용내용내용', '2020-06-01 14:02:45', 'admin', 0, 'admin'),
	(461, '51 번째 공지입니다. 제목이 긴 공지입니다. 제목제목제목제목제목제목제목제목제목제목제목제목제목제목제목제목', '51번째 공지내용내용내용내용내용내용내용내용내용내용내용내용내용내용내용', '2020-06-01 14:02:45', 'admin', 0, 'admin'),
	(462, '52 번째 공지입니다. 제목이 긴 공지입니다. 제목제목제목제목제목제목제목제목제목제목제목제목제목제목제목제목', '52번째 공지내용내용내용내용내용내용내용내용내용내용내용내용내용내용내용', '2020-06-01 14:02:45', 'admin', 0, 'admin'),
	(463, '53 번째 공지입니다. 제목이 긴 공지입니다. 제목제목제목제목제목제목제목제목제목제목제목제목제목제목제목제목', '53번째 공지내용내용내용내용내용내용내용내용내용내용내용내용내용내용내용', '2020-06-01 14:02:45', 'admin', 0, 'admin'),
	(464, '54 번째 공지입니다. 제목이 긴 공지입니다. 제목제목제목제목제목제목제목제목제목제목제목제목제목제목제목제목', '54번째 공지내용내용내용내용내용내용내용내용내용내용내용내용내용내용내용', '2020-06-01 14:02:45', 'admin', 0, 'admin'),
	(465, '55 번째 공지입니다. 제목이 긴 공지입니다. 제목제목제목제목제목제목제목제목제목제목제목제목제목제목제목제목', '55번째 공지내용내용내용내용내용내용내용내용내용내용내용내용내용내용내용', '2020-06-01 14:02:45', 'admin', 0, 'admin'),
	(466, '56 번째 공지입니다. 제목이 긴 공지입니다. 제목제목제목제목제목제목제목제목제목제목제목제목제목제목제목제목', '56번째 공지내용내용내용내용내용내용내용내용내용내용내용내용내용내용내용', '2020-06-01 14:02:45', 'admin', 0, 'admin'),
	(467, '57 번째 공지입니다. 제목이 긴 공지입니다. 제목제목제목제목제목제목제목제목제목제목제목제목제목제목제목제목', '57번째 공지내용내용내용내용내용내용내용내용내용내용내용내용내용내용내용', '2020-06-01 14:02:45', 'admin', 0, 'admin'),
	(468, '58 번째 공지입니다. 제목이 긴 공지입니다. 제목제목제목제목제목제목제목제목제목제목제목제목제목제목제목제목', '58번째 공지내용내용내용내용내용내용내용내용내용내용내용내용내용내용내용', '2020-06-01 14:02:45', 'admin', 0, 'admin'),
	(469, '59 번째 공지입니다. 제목이 긴 공지입니다. 제목제목제목제목제목제목제목제목제목제목제목제목제목제목제목제목', '59번째 공지내용내용내용내용내용내용내용내용내용내용내용내용내용내용내용', '2020-06-01 14:02:45', 'admin', 0, 'admin'),
	(470, '60 번째 공지입니다. 제목이 긴 공지입니다. 제목제목제목제목제목제목제목제목제목제목제목제목제목제목제목제목', '60번째 공지내용내용내용내용내용내용내용내용내용내용내용내용내용내용내용', '2020-06-01 14:02:45', 'admin', 0, 'admin'),
	(471, '61 번째 공지입니다. 제목이 긴 공지입니다. 제목제목제목제목제목제목제목제목제목제목제목제목제목제목제목제목', '61번째 공지내용내용내용내용내용내용내용내용내용내용내용내용내용내용내용', '2020-06-01 14:02:45', 'admin', 0, 'admin'),
	(472, '62 번째 공지입니다. 제목이 긴 공지입니다. 제목제목제목제목제목제목제목제목제목제목제목제목제목제목제목제목', '62번째 공지내용내용내용내용내용내용내용내용내용내용내용내용내용내용내용', '2020-06-01 14:02:45', 'admin', 0, 'admin'),
	(473, '63 번째 공지입니다. 제목이 긴 공지입니다. 제목제목제목제목제목제목제목제목제목제목제목제목제목제목제목제목', '63번째 공지내용내용내용내용내용내용내용내용내용내용내용내용내용내용내용', '2020-06-01 14:02:45', 'admin', 0, 'admin'),
	(474, '64 번째 공지입니다. 제목이 긴 공지입니다. 제목제목제목제목제목제목제목제목제목제목제목제목제목제목제목제목', '64번째 공지내용내용내용내용내용내용내용내용내용내용내용내용내용내용내용', '2020-06-01 14:02:45', 'admin', 0, 'admin'),
	(475, '65 번째 공지입니다. 제목이 긴 공지입니다. 제목제목제목제목제목제목제목제목제목제목제목제목제목제목제목제목', '65번째 공지내용내용내용내용내용내용내용내용내용내용내용내용내용내용내용', '2020-06-01 14:02:45', 'admin', 0, 'admin'),
	(476, '66 번째 공지입니다. 제목이 긴 공지입니다. 제목제목제목제목제목제목제목제목제목제목제목제목제목제목제목제목', '66번째 공지내용내용내용내용내용내용내용내용내용내용내용내용내용내용내용', '2020-06-01 14:02:45', 'admin', 0, 'admin'),
	(477, '67 번째 공지입니다. 제목이 긴 공지입니다. 제목제목제목제목제목제목제목제목제목제목제목제목제목제목제목제목', '67번째 공지내용내용내용내용내용내용내용내용내용내용내용내용내용내용내용', '2020-06-01 14:02:45', 'admin', 0, 'admin'),
	(478, '68 번째 공지입니다. 제목이 긴 공지입니다. 제목제목제목제목제목제목제목제목제목제목제목제목제목제목제목제목', '68번째 공지내용내용내용내용내용내용내용내용내용내용내용내용내용내용내용', '2020-06-01 14:02:45', 'admin', 0, 'admin'),
	(479, '69 번째 공지입니다. 제목이 긴 공지입니다. 제목제목제목제목제목제목제목제목제목제목제목제목제목제목제목제목', '69번째 공지내용내용내용내용내용내용내용내용내용내용내용내용내용내용내용', '2020-06-01 14:02:45', 'admin', 0, 'admin'),
	(480, '70 번째 공지입니다. 제목이 긴 공지입니다. 제목제목제목제목제목제목제목제목제목제목제목제목제목제목제목제목', '70번째 공지내용내용내용내용내용내용내용내용내용내용내용내용내용내용내용', '2020-06-01 14:02:45', 'admin', 0, 'admin'),
	(481, '71 번째 공지입니다. 제목이 긴 공지입니다. 제목제목제목제목제목제목제목제목제목제목제목제목제목제목제목제목', '71번째 공지내용내용내용내용내용내용내용내용내용내용내용내용내용내용내용', '2020-06-01 14:02:45', 'admin', 0, 'admin'),
	(482, '72 번째 공지입니다. 제목이 긴 공지입니다. 제목제목제목제목제목제목제목제목제목제목제목제목제목제목제목제목', '72번째 공지내용내용내용내용내용내용내용내용내용내용내용내용내용내용내용', '2020-06-01 14:02:45', 'admin', 0, 'admin'),
	(483, '73 번째 공지입니다. 제목이 긴 공지입니다. 제목제목제목제목제목제목제목제목제목제목제목제목제목제목제목제목', '73번째 공지내용내용내용내용내용내용내용내용내용내용내용내용내용내용내용', '2020-06-01 14:02:45', 'admin', 0, 'admin'),
	(484, '74 번째 공지입니다. 제목이 긴 공지입니다. 제목제목제목제목제목제목제목제목제목제목제목제목제목제목제목제목', '74번째 공지내용내용내용내용내용내용내용내용내용내용내용내용내용내용내용', '2020-06-01 14:02:45', 'admin', 0, 'admin'),
	(485, '75 번째 공지입니다. 제목이 긴 공지입니다. 제목제목제목제목제목제목제목제목제목제목제목제목제목제목제목제목', '75번째 공지내용내용내용내용내용내용내용내용내용내용내용내용내용내용내용', '2020-06-01 14:02:45', 'admin', 0, 'admin'),
	(486, '76 번째 공지입니다. 제목이 긴 공지입니다. 제목제목제목제목제목제목제목제목제목제목제목제목제목제목제목제목', '76번째 공지내용내용내용내용내용내용내용내용내용내용내용내용내용내용내용', '2020-06-01 14:02:45', 'admin', 1, 'admin'),
	(487, '77 번째 공지입니다. 제목이 긴 공지입니다. 제목제목제목제목제목제목제목제목제목제목제목제목제목제목제목제목', '77번째 공지내용내용내용내용내용내용내용내용내용내용내용내용내용내용내용', '2020-06-01 14:02:45', 'admin', 0, 'admin'),
	(488, '78 번째 공지입니다. 제목이 긴 공지입니다. 제목제목제목제목제목제목제목제목제목제목제목제목제목제목제목제목', '78번째 공지내용내용내용내용내용내용내용내용내용내용내용내용내용내용내용', '2020-06-01 14:02:45', 'admin', 0, 'admin'),
	(489, '79 번째 공지입니다. 제목이 긴 공지입니다. 제목제목제목제목제목제목제목제목제목제목제목제목제목제목제목제목', '79번째 공지내용내용내용내용내용내용내용내용내용내용내용내용내용내용내용', '2020-06-01 14:02:45', 'admin', 0, 'admin'),
	(490, '80 번째 공지입니다. 제목이 긴 공지입니다. 제목제목제목제목제목제목제목제목제목제목제목제목제목제목제목제목', '80번째 공지내용내용내용내용내용내용내용내용내용내용내용내용내용내용내용', '2020-06-01 14:02:45', 'admin', 0, 'admin'),
	(491, '81 번째 공지입니다. 제목이 긴 공지입니다. 제목제목제목제목제목제목제목제목제목제목제목제목제목제목제목제목', '81번째 공지내용내용내용내용내용내용내용내용내용내용내용내용내용내용내용', '2020-06-01 14:02:45', 'admin', 0, 'admin'),
	(492, '82 번째 공지입니다. 제목이 긴 공지입니다. 제목제목제목제목제목제목제목제목제목제목제목제목제목제목제목제목', '82번째 공지내용내용내용내용내용내용내용내용내용내용내용내용내용내용내용', '2020-06-01 14:02:45', 'admin', 2, 'admin'),
	(493, '83 번째 공지입니다. 제목이 긴 공지입니다. 제목제목제목제목제목제목제목제목제목제목제목제목제목제목제목제목', '83번째 공지내용내용내용내용내용내용내용내용내용내용내용내용내용내용내용', '2020-06-01 14:02:45', 'admin', 0, 'admin'),
	(494, '84 번째 공지입니다. 제목이 긴 공지입니다. 제목제목제목제목제목제목제목제목제목제목제목제목제목제목제목제목', '84번째 공지내용내용내용내용내용내용내용내용내용내용내용내용내용내용내용', '2020-06-01 14:02:45', 'admin', 0, 'admin'),
	(495, '85 번째 공지입니다. 제목이 긴 공지입니다. 제목제목제목제목제목제목제목제목제목제목제목제목제목제목제목제목', '85번째 공지내용내용내용내용내용내용내용내용내용내용내용내용내용내용내용', '2020-06-01 14:02:45', 'admin', 0, 'admin'),
	(496, '86 번째 공지입니다. 제목이 긴 공지입니다. 제목제목제목제목제목제목제목제목제목제목제목제목제목제목제목제목', '86번째 공지내용내용내용내용내용내용내용내용내용내용내용내용내용내용내용', '2020-06-01 14:02:45', 'admin', 0, 'admin'),
	(497, '87 번째 공지입니다. 제목이 긴 공지입니다. 제목제목제목제목제목제목제목제목제목제목제목제목제목제목제목제목', '87번째 공지내용내용내용내용내용내용내용내용내용내용내용내용내용내용내용', '2020-06-01 14:02:45', 'admin', 2, 'admin'),
	(498, '88 번째 공지입니다. 제목이 긴 공지입니다. 제목제목제목제목제목제목제목제목제목제목제목제목제목제목제목제목', '88번째 공지내용내용내용내용내용내용내용내용내용내용내용내용내용내용내용', '2020-06-01 14:02:45', 'admin', 1, 'admin'),
	(499, '89 번째 공지입니다. 제목이 긴 공지입니다. 제목제목제목제목제목제목제목제목제목제목제목제목제목제목제목제목', '89번째 공지내용내용내용내용내용내용내용내용내용내용내용내용내용내용내용', '2020-06-01 14:02:45', 'admin', 0, 'admin'),
	(500, '90 번째 공지입니다. 제목이 긴 공지입니다. 제목제목제목제목제목제목제목제목제목제목제목제목제목제목제목제목', '90번째 공지내용내용내용내용내용내용내용내용내용내용내용내용내용내용내용', '2020-06-01 14:02:45', 'admin', 0, 'admin'),
	(501, '91 번째 공지입니다. 제목이 긴 공지입니다. 제목제목제목제목제목제목제목제목제목제목제목제목제목제목제목제목', '91번째 공지내용내용내용내용내용내용내용내용내용내용내용내용내용내용내용', '2020-06-01 14:02:45', 'admin', 1, 'admin'),
	(502, '92 번째 공지입니다. 제목이 긴 공지입니다. 제목제목제목제목제목제목제목제목제목제목제목제목제목제목제목제목', '92번째 공지내용내용내용내용내용내용내용내용내용내용내용내용내용내용내용', '2020-06-01 14:02:45', 'admin', 6, 'admin'),
	(503, '93 번째 공지입니다. 제목이 긴 공지입니다. 제목제목제목제목제목제목제목제목제목제목제목제목제목제목제목제목', '93번째 공지내용내용내용내용내용내용내용내용내용내용내용내용내용내용내용', '2020-06-01 14:02:45', 'admin', 0, 'admin'),
	(504, '94 번째 공지입니다. 제목이 긴 공지입니다. 제목제목제목제목제목제목제목제목제목제목제목제목제목제목제목제목', '94번째 공지내용내용내용내용내용내용내용내용내용내용내용내용내용내용내용', '2020-06-01 14:02:45', 'admin', 0, 'admin'),
	(505, '95 번째 공지입니다. 제목이 긴 공지입니다. 제목제목제목제목제목제목제목제목제목제목제목제목제목제목제목제목', '95번째 공지내용내용내용내용내용내용내용내용내용내용내용내용내용내용내용', '2020-06-01 14:02:45', 'admin', 0, 'admin'),
	(506, '96 번째 공지입니다. 제목이 긴 공지입니다. 제목제목제목제목제목제목제목제목제목제목제목제목제목제목제목제목', '96번째 공지내용내용내용내용내용내용내용내용내용내용내용내용내용내용내용', '2020-06-01 14:02:45', 'admin', 0, 'admin'),
	(507, '97 번째 공지입니다. 제목이 긴 공지입니다. 제목제목제목제목제목제목제목제목제목제목제목제목제목제목제목제목', '97번째 공지내용내용내용내용내용내용내용내용내용내용내용내용내용내용내용', '2020-06-01 14:02:45', 'admin', 2, 'admin'),
	(508, '98 번째 공지입니다. 제목이 긴 공지입니다. 제목제목제목제목제목제목제목제목제목제목제목제목제목제목제목제목', '98번째 공지내용내용내용내용내용내용내용내용내용내용내용내용내용내용내용', '2020-06-01 14:02:45', 'admin', 22, 'admin'),
	(509, '99 번째 공지입니다. 제목이 긴 공지입니다. 제목제목제목제목제목제목제목제목제목제목제목제목제목제목제목제목', '99번째 공지내용내용내용내용내용내용내용내용내용내용내용내용내용내용내용', '2020-06-01 14:02:45', 'admin', 1, 'admin'),
	(510, '100 번째 공지입니다. 제목이 긴 공지입니다. 제목제목제목제목제목제목제목제목제목제목제목제목제목제목제목제목', '100번째 공지내용내용내용내용내용내용내용내용내용내용내용내용내용내용내용', '2020-06-01 14:02:45', 'admin', 0, 'admin'),
	(511, '100 번째 공지입니다. 제목이 긴 공지입니다. 제목제목제목제목제목제목제목제목제목제목제목제목제목제목제목제목', '100번째 공지내용내용내용내용내용내용내용내용내용내용내용내용내용내용내용', '2020-06-01 14:02:45', 'admin', 21, 'admin'),
	(512, '1 번째 자유글입니다. 제목이 긴 게시물입니다. 제목제목제목제목제목제목제목제목제목제목제목제목제목제목제목제목', '1번째 게시글 내용내용내용내용내용내용내용내용내용내용내용내용내용내용내용', '2020-06-01 14:03:24', 'admin', 0, 'freeboard'),
	(513, '2 번째 자유글입니다. 제목이 긴 게시물입니다. 제목제목제목제목제목제목제목제목제목제목제목제목제목제목제목제목', '2번째 게시글 내용내용내용내용내용내용내용내용내용내용내용내용내용내용내용', '2020-06-01 14:03:24', 'admin', 0, 'freeboard'),
	(514, '3 번째 자유글입니다. 제목이 긴 게시물입니다. 제목제목제목제목제목제목제목제목제목제목제목제목제목제목제목제목', '3번째 게시글 내용내용내용내용내용내용내용내용내용내용내용내용내용내용내용', '2020-06-01 14:03:24', 'admin', 0, 'freeboard'),
	(515, '4 번째 자유글입니다. 제목이 긴 게시물입니다. 제목제목제목제목제목제목제목제목제목제목제목제목제목제목제목제목', '4번째 게시글 내용내용내용내용내용내용내용내용내용내용내용내용내용내용내용', '2020-06-01 14:03:24', 'admin', 0, 'freeboard'),
	(516, '5 번째 자유글입니다. 제목이 긴 게시물입니다. 제목제목제목제목제목제목제목제목제목제목제목제목제목제목제목제목', '5번째 게시글 내용내용내용내용내용내용내용내용내용내용내용내용내용내용내용', '2020-06-01 14:03:24', 'admin', 0, 'freeboard'),
	(517, '6 번째 자유글입니다. 제목이 긴 게시물입니다. 제목제목제목제목제목제목제목제목제목제목제목제목제목제목제목제목', '6번째 게시글 내용내용내용내용내용내용내용내용내용내용내용내용내용내용내용', '2020-06-01 14:03:24', 'admin', 0, 'freeboard'),
	(518, '7 번째 자유글입니다. 제목이 긴 게시물입니다. 제목제목제목제목제목제목제목제목제목제목제목제목제목제목제목제목', '7번째 게시글 내용내용내용내용내용내용내용내용내용내용내용내용내용내용내용', '2020-06-01 14:03:24', 'admin', 0, 'freeboard'),
	(519, '8 번째 자유글입니다. 제목이 긴 게시물입니다. 제목제목제목제목제목제목제목제목제목제목제목제목제목제목제목제목', '8번째 게시글 내용내용내용내용내용내용내용내용내용내용내용내용내용내용내용', '2020-06-01 14:03:24', 'admin', 0, 'freeboard'),
	(520, '9 번째 자유글입니다. 제목이 긴 게시물입니다. 제목제목제목제목제목제목제목제목제목제목제목제목제목제목제목제목', '9번째 게시글 내용내용내용내용내용내용내용내용내용내용내용내용내용내용내용', '2020-06-01 14:03:24', 'admin', 0, 'freeboard'),
	(521, '10 번째 자유글입니다. 제목이 긴 게시물입니다. 제목제목제목제목제목제목제목제목제목제목제목제목제목제목제목제목', '10번째 게시글 내용내용내용내용내용내용내용내용내용내용내용내용내용내용내용', '2020-06-01 14:03:24', 'admin', 0, 'freeboard'),
	(522, '11 번째 자유글입니다. 제목이 긴 게시물입니다. 제목제목제목제목제목제목제목제목제목제목제목제목제목제목제목제목', '11번째 게시글 내용내용내용내용내용내용내용내용내용내용내용내용내용내용내용', '2020-06-01 14:03:24', 'admin', 0, 'freeboard'),
	(523, '12 번째 자유글입니다. 제목이 긴 게시물입니다. 제목제목제목제목제목제목제목제목제목제목제목제목제목제목제목제목', '12번째 게시글 내용내용내용내용내용내용내용내용내용내용내용내용내용내용내용', '2020-06-01 14:03:24', 'admin', 0, 'freeboard'),
	(524, '13 번째 자유글입니다. 제목이 긴 게시물입니다. 제목제목제목제목제목제목제목제목제목제목제목제목제목제목제목제목', '13번째 게시글 내용내용내용내용내용내용내용내용내용내용내용내용내용내용내용', '2020-06-01 14:03:24', 'admin', 0, 'freeboard'),
	(525, '14 번째 자유글입니다. 제목이 긴 게시물입니다. 제목제목제목제목제목제목제목제목제목제목제목제목제목제목제목제목', '14번째 게시글 내용내용내용내용내용내용내용내용내용내용내용내용내용내용내용', '2020-06-01 14:03:24', 'admin', 0, 'freeboard'),
	(526, '15 번째 자유글입니다. 제목이 긴 게시물입니다. 제목제목제목제목제목제목제목제목제목제목제목제목제목제목제목제목', '15번째 게시글 내용내용내용내용내용내용내용내용내용내용내용내용내용내용내용', '2020-06-01 14:03:24', 'admin', 0, 'freeboard'),
	(527, '16 번째 자유글입니다. 제목이 긴 게시물입니다. 제목제목제목제목제목제목제목제목제목제목제목제목제목제목제목제목', '16번째 게시글 내용내용내용내용내용내용내용내용내용내용내용내용내용내용내용', '2020-06-01 14:03:24', 'admin', 1, 'freeboard'),
	(528, '17 번째 자유글입니다. 제목이 긴 게시물입니다. 제목제목제목제목제목제목제목제목제목제목제목제목제목제목제목제목', '17번째 게시글 내용내용내용내용내용내용내용내용내용내용내용내용내용내용내용', '2020-06-01 14:03:24', 'admin', 0, 'freeboard'),
	(529, '18 번째 자유글입니다. 제목이 긴 게시물입니다. 제목제목제목제목제목제목제목제목제목제목제목제목제목제목제목제목', '18번째 게시글 내용내용내용내용내용내용내용내용내용내용내용내용내용내용내용', '2020-06-01 14:03:24', 'admin', 0, 'freeboard'),
	(530, '19 번째 자유글입니다. 제목이 긴 게시물입니다. 제목제목제목제목제목제목제목제목제목제목제목제목제목제목제목제목', '19번째 게시글 내용내용내용내용내용내용내용내용내용내용내용내용내용내용내용', '2020-06-01 14:03:24', 'admin', 0, 'freeboard'),
	(531, '20 번째 자유글입니다. 제목이 긴 게시물입니다. 제목제목제목제목제목제목제목제목제목제목제목제목제목제목제목제목', '20번째 게시글 내용내용내용내용내용내용내용내용내용내용내용내용내용내용내용', '2020-06-01 14:03:24', 'admin', 0, 'freeboard'),
	(532, '21 번째 자유글입니다. 제목이 긴 게시물입니다. 제목제목제목제목제목제목제목제목제목제목제목제목제목제목제목제목', '21번째 게시글 내용내용내용내용내용내용내용내용내용내용내용내용내용내용내용', '2020-06-01 14:03:24', 'admin', 0, 'freeboard'),
	(533, '22 번째 자유글입니다. 제목이 긴 게시물입니다. 제목제목제목제목제목제목제목제목제목제목제목제목제목제목제목제목', '22번째 게시글 내용내용내용내용내용내용내용내용내용내용내용내용내용내용내용', '2020-06-01 14:03:24', 'admin', 0, 'freeboard'),
	(534, '23 번째 자유글입니다. 제목이 긴 게시물입니다. 제목제목제목제목제목제목제목제목제목제목제목제목제목제목제목제목', '23번째 게시글 내용내용내용내용내용내용내용내용내용내용내용내용내용내용내용', '2020-06-01 14:03:24', 'admin', 0, 'freeboard'),
	(535, '24 번째 자유글입니다. 제목이 긴 게시물입니다. 제목제목제목제목제목제목제목제목제목제목제목제목제목제목제목제목', '24번째 게시글 내용내용내용내용내용내용내용내용내용내용내용내용내용내용내용', '2020-06-01 14:03:24', 'admin', 0, 'freeboard'),
	(536, '25 번째 자유글입니다. 제목이 긴 게시물입니다. 제목제목제목제목제목제목제목제목제목제목제목제목제목제목제목제목', '25번째 게시글 내용내용내용내용내용내용내용내용내용내용내용내용내용내용내용', '2020-06-01 14:03:24', 'admin', 0, 'freeboard'),
	(537, '26 번째 자유글입니다. 제목이 긴 게시물입니다. 제목제목제목제목제목제목제목제목제목제목제목제목제목제목제목제목', '26번째 게시글 내용내용내용내용내용내용내용내용내용내용내용내용내용내용내용', '2020-06-01 14:03:24', 'admin', 0, 'freeboard'),
	(538, '27 번째 자유글입니다. 제목이 긴 게시물입니다. 제목제목제목제목제목제목제목제목제목제목제목제목제목제목제목제목', '27번째 게시글 내용내용내용내용내용내용내용내용내용내용내용내용내용내용내용', '2020-06-01 14:03:24', 'admin', 0, 'freeboard'),
	(539, '28 번째 자유글입니다. 제목이 긴 게시물입니다. 제목제목제목제목제목제목제목제목제목제목제목제목제목제목제목제목', '28번째 게시글 내용내용내용내용내용내용내용내용내용내용내용내용내용내용내용', '2020-06-01 14:03:24', 'admin', 0, 'freeboard'),
	(540, '29 번째 자유글입니다. 제목이 긴 게시물입니다. 제목제목제목제목제목제목제목제목제목제목제목제목제목제목제목제목', '29번째 게시글 내용내용내용내용내용내용내용내용내용내용내용내용내용내용내용', '2020-06-01 14:03:24', 'admin', 0, 'freeboard'),
	(541, '30 번째 자유글입니다. 제목이 긴 게시물입니다. 제목제목제목제목제목제목제목제목제목제목제목제목제목제목제목제목', '30번째 게시글 내용내용내용내용내용내용내용내용내용내용내용내용내용내용내용', '2020-06-01 14:03:24', 'admin', 0, 'freeboard'),
	(542, '31 번째 자유글입니다. 제목이 긴 게시물입니다. 제목제목제목제목제목제목제목제목제목제목제목제목제목제목제목제목', '31번째 게시글 내용내용내용내용내용내용내용내용내용내용내용내용내용내용내용', '2020-06-01 14:03:24', 'admin', 1, 'freeboard'),
	(543, '32 번째 자유글입니다. 제목이 긴 게시물입니다. 제목제목제목제목제목제목제목제목제목제목제목제목제목제목제목제목', '32번째 게시글 내용내용내용내용내용내용내용내용내용내용내용내용내용내용내용', '2020-06-01 14:03:24', 'admin', 0, 'freeboard'),
	(544, '33 번째 자유글입니다. 제목이 긴 게시물입니다. 제목제목제목제목제목제목제목제목제목제목제목제목제목제목제목제목', '33번째 게시글 내용내용내용내용내용내용내용내용내용내용내용내용내용내용내용', '2020-06-01 14:03:24', 'admin', 0, 'freeboard'),
	(545, '34 번째 자유글입니다. 제목이 긴 게시물입니다. 제목제목제목제목제목제목제목제목제목제목제목제목제목제목제목제목', '34번째 게시글 내용내용내용내용내용내용내용내용내용내용내용내용내용내용내용', '2020-06-01 14:03:24', 'admin', 0, 'freeboard'),
	(546, '35 번째 자유글입니다. 제목이 긴 게시물입니다. 제목제목제목제목제목제목제목제목제목제목제목제목제목제목제목제목', '35번째 게시글 내용내용내용내용내용내용내용내용내용내용내용내용내용내용내용', '2020-06-01 14:03:24', 'admin', 0, 'freeboard'),
	(547, '36 번째 자유글입니다. 제목이 긴 게시물입니다. 제목제목제목제목제목제목제목제목제목제목제목제목제목제목제목제목', '36번째 게시글 내용내용내용내용내용내용내용내용내용내용내용내용내용내용내용', '2020-06-01 14:03:24', 'admin', 0, 'freeboard'),
	(548, '37 번째 자유글입니다. 제목이 긴 게시물입니다. 제목제목제목제목제목제목제목제목제목제목제목제목제목제목제목제목', '37번째 게시글 내용내용내용내용내용내용내용내용내용내용내용내용내용내용내용', '2020-06-01 14:03:24', 'admin', 0, 'freeboard'),
	(549, '38 번째 자유글입니다. 제목이 긴 게시물입니다. 제목제목제목제목제목제목제목제목제목제목제목제목제목제목제목제목', '38번째 게시글 내용내용내용내용내용내용내용내용내용내용내용내용내용내용내용', '2020-06-01 14:03:24', 'admin', 0, 'freeboard'),
	(550, '39 번째 자유글입니다. 제목이 긴 게시물입니다. 제목제목제목제목제목제목제목제목제목제목제목제목제목제목제목제목', '39번째 게시글 내용내용내용내용내용내용내용내용내용내용내용내용내용내용내용', '2020-06-01 14:03:24', 'admin', 0, 'freeboard'),
	(551, '40 번째 자유글입니다. 제목이 긴 게시물입니다. 제목제목제목제목제목제목제목제목제목제목제목제목제목제목제목제목', '40번째 게시글 내용내용내용내용내용내용내용내용내용내용내용내용내용내용내용', '2020-06-01 14:03:24', 'admin', 0, 'freeboard'),
	(552, '41 번째 자유글입니다. 제목이 긴 게시물입니다. 제목제목제목제목제목제목제목제목제목제목제목제목제목제목제목제목', '41번째 게시글 내용내용내용내용내용내용내용내용내용내용내용내용내용내용내용', '2020-06-01 14:03:24', 'admin', 0, 'freeboard'),
	(553, '42 번째 자유글입니다. 제목이 긴 게시물입니다. 제목제목제목제목제목제목제목제목제목제목제목제목제목제목제목제목', '42번째 게시글 내용내용내용내용내용내용내용내용내용내용내용내용내용내용내용', '2020-06-01 14:03:24', 'admin', 0, 'freeboard'),
	(554, '43 번째 자유글입니다. 제목이 긴 게시물입니다. 제목제목제목제목제목제목제목제목제목제목제목제목제목제목제목제목', '43번째 게시글 내용내용내용내용내용내용내용내용내용내용내용내용내용내용내용', '2020-06-01 14:03:24', 'admin', 0, 'freeboard'),
	(555, '44 번째 자유글입니다. 제목이 긴 게시물입니다. 제목제목제목제목제목제목제목제목제목제목제목제목제목제목제목제목', '44번째 게시글 내용내용내용내용내용내용내용내용내용내용내용내용내용내용내용', '2020-06-01 14:03:24', 'admin', 0, 'freeboard'),
	(556, '45 번째 자유글입니다. 제목이 긴 게시물입니다. 제목제목제목제목제목제목제목제목제목제목제목제목제목제목제목제목', '45번째 게시글 내용내용내용내용내용내용내용내용내용내용내용내용내용내용내용', '2020-06-01 14:03:24', 'admin', 0, 'freeboard'),
	(557, '46 번째 자유글입니다. 제목이 긴 게시물입니다. 제목제목제목제목제목제목제목제목제목제목제목제목제목제목제목제목', '46번째 게시글 내용내용내용내용내용내용내용내용내용내용내용내용내용내용내용', '2020-06-01 14:03:24', 'admin', 0, 'freeboard'),
	(558, '47 번째 자유글입니다. 제목이 긴 게시물입니다. 제목제목제목제목제목제목제목제목제목제목제목제목제목제목제목제목', '47번째 게시글 내용내용내용내용내용내용내용내용내용내용내용내용내용내용내용', '2020-06-01 14:03:24', 'admin', 0, 'freeboard'),
	(559, '48 번째 자유글입니다. 제목이 긴 게시물입니다. 제목제목제목제목제목제목제목제목제목제목제목제목제목제목제목제목', '48번째 게시글 내용내용내용내용내용내용내용내용내용내용내용내용내용내용내용', '2020-06-01 14:03:24', 'admin', 0, 'freeboard'),
	(560, '49 번째 자유글입니다. 제목이 긴 게시물입니다. 제목제목제목제목제목제목제목제목제목제목제목제목제목제목제목제목', '49번째 게시글 내용내용내용내용내용내용내용내용내용내용내용내용내용내용내용', '2020-06-01 14:03:24', 'admin', 0, 'freeboard'),
	(561, '50 번째 자유글입니다. 제목이 긴 게시물입니다. 제목제목제목제목제목제목제목제목제목제목제목제목제목제목제목제목', '50번째 게시글 내용내용내용내용내용내용내용내용내용내용내용내용내용내용내용', '2020-06-01 14:03:24', 'admin', 0, 'freeboard'),
	(562, '51 번째 자유글입니다. 제목이 긴 게시물입니다. 제목제목제목제목제목제목제목제목제목제목제목제목제목제목제목제목', '51번째 게시글 내용내용내용내용내용내용내용내용내용내용내용내용내용내용내용', '2020-06-01 14:03:24', 'admin', 0, 'freeboard'),
	(563, '52 번째 자유글입니다. 제목이 긴 게시물입니다. 제목제목제목제목제목제목제목제목제목제목제목제목제목제목제목제목', '52번째 게시글 내용내용내용내용내용내용내용내용내용내용내용내용내용내용내용', '2020-06-01 14:03:24', 'admin', 0, 'freeboard'),
	(564, '53 번째 자유글입니다. 제목이 긴 게시물입니다. 제목제목제목제목제목제목제목제목제목제목제목제목제목제목제목제목', '53번째 게시글 내용내용내용내용내용내용내용내용내용내용내용내용내용내용내용', '2020-06-01 14:03:24', 'admin', 0, 'freeboard'),
	(565, '54 번째 자유글입니다. 제목이 긴 게시물입니다. 제목제목제목제목제목제목제목제목제목제목제목제목제목제목제목제목', '54번째 게시글 내용내용내용내용내용내용내용내용내용내용내용내용내용내용내용', '2020-06-01 14:03:24', 'admin', 1, 'freeboard'),
	(566, '55 번째 자유글입니다. 제목이 긴 게시물입니다. 제목제목제목제목제목제목제목제목제목제목제목제목제목제목제목제목', '55번째 게시글 내용내용내용내용내용내용내용내용내용내용내용내용내용내용내용', '2020-06-01 14:03:24', 'admin', 0, 'freeboard'),
	(567, '56 번째 자유글입니다. 제목이 긴 게시물입니다. 제목제목제목제목제목제목제목제목제목제목제목제목제목제목제목제목', '56번째 게시글 내용내용내용내용내용내용내용내용내용내용내용내용내용내용내용', '2020-06-01 14:03:24', 'admin', 0, 'freeboard'),
	(568, '57 번째 자유글입니다. 제목이 긴 게시물입니다. 제목제목제목제목제목제목제목제목제목제목제목제목제목제목제목제목', '57번째 게시글 내용내용내용내용내용내용내용내용내용내용내용내용내용내용내용', '2020-06-01 14:03:24', 'admin', 0, 'freeboard'),
	(569, '58 번째 자유글입니다. 제목이 긴 게시물입니다. 제목제목제목제목제목제목제목제목제목제목제목제목제목제목제목제목', '58번째 게시글 내용내용내용내용내용내용내용내용내용내용내용내용내용내용내용', '2020-06-01 14:03:24', 'admin', 0, 'freeboard'),
	(570, '59 번째 자유글입니다. 제목이 긴 게시물입니다. 제목제목제목제목제목제목제목제목제목제목제목제목제목제목제목제목', '59번째 게시글 내용내용내용내용내용내용내용내용내용내용내용내용내용내용내용', '2020-06-01 14:03:24', 'admin', 0, 'freeboard'),
	(571, '60 번째 자유글입니다. 제목이 긴 게시물입니다. 제목제목제목제목제목제목제목제목제목제목제목제목제목제목제목제목', '60번째 게시글 내용내용내용내용내용내용내용내용내용내용내용내용내용내용내용', '2020-06-01 14:03:24', 'admin', 0, 'freeboard'),
	(572, '61 번째 자유글입니다. 제목이 긴 게시물입니다. 제목제목제목제목제목제목제목제목제목제목제목제목제목제목제목제목', '61번째 게시글 내용내용내용내용내용내용내용내용내용내용내용내용내용내용내용', '2020-06-01 14:03:24', 'admin', 0, 'freeboard'),
	(573, '62 번째 자유글입니다. 제목이 긴 게시물입니다. 제목제목제목제목제목제목제목제목제목제목제목제목제목제목제목제목', '62번째 게시글 내용내용내용내용내용내용내용내용내용내용내용내용내용내용내용', '2020-06-01 14:03:24', 'admin', 0, 'freeboard'),
	(574, '63 번째 자유글입니다. 제목이 긴 게시물입니다. 제목제목제목제목제목제목제목제목제목제목제목제목제목제목제목제목', '63번째 게시글 내용내용내용내용내용내용내용내용내용내용내용내용내용내용내용', '2020-06-01 14:03:24', 'admin', 0, 'freeboard'),
	(575, '64 번째 자유글입니다. 제목이 긴 게시물입니다. 제목제목제목제목제목제목제목제목제목제목제목제목제목제목제목제목', '64번째 게시글 내용내용내용내용내용내용내용내용내용내용내용내용내용내용내용', '2020-06-01 14:03:24', 'admin', 0, 'freeboard'),
	(576, '65 번째 자유글입니다. 제목이 긴 게시물입니다. 제목제목제목제목제목제목제목제목제목제목제목제목제목제목제목제목', '65번째 게시글 내용내용내용내용내용내용내용내용내용내용내용내용내용내용내용', '2020-06-01 14:03:24', 'admin', 0, 'freeboard'),
	(577, '66 번째 자유글입니다. 제목이 긴 게시물입니다. 제목제목제목제목제목제목제목제목제목제목제목제목제목제목제목제목', '66번째 게시글 내용내용내용내용내용내용내용내용내용내용내용내용내용내용내용', '2020-06-01 14:03:24', 'admin', 0, 'freeboard'),
	(578, '67 번째 자유글입니다. 제목이 긴 게시물입니다. 제목제목제목제목제목제목제목제목제목제목제목제목제목제목제목제목', '67번째 게시글 내용내용내용내용내용내용내용내용내용내용내용내용내용내용내용', '2020-06-01 14:03:24', 'admin', 0, 'freeboard'),
	(579, '68 번째 자유글입니다. 제목이 긴 게시물입니다. 제목제목제목제목제목제목제목제목제목제목제목제목제목제목제목제목', '68번째 게시글 내용내용내용내용내용내용내용내용내용내용내용내용내용내용내용', '2020-06-01 14:03:24', 'admin', 0, 'freeboard'),
	(580, '69 번째 자유글입니다. 제목이 긴 게시물입니다. 제목제목제목제목제목제목제목제목제목제목제목제목제목제목제목제목', '69번째 게시글 내용내용내용내용내용내용내용내용내용내용내용내용내용내용내용', '2020-06-01 14:03:24', 'admin', 0, 'freeboard'),
	(581, '70 번째 자유글입니다. 제목이 긴 게시물입니다. 제목제목제목제목제목제목제목제목제목제목제목제목제목제목제목제목', '70번째 게시글 내용내용내용내용내용내용내용내용내용내용내용내용내용내용내용', '2020-06-01 14:03:24', 'admin', 0, 'freeboard'),
	(582, '71 번째 자유글입니다. 제목이 긴 게시물입니다. 제목제목제목제목제목제목제목제목제목제목제목제목제목제목제목제목', '71번째 게시글 내용내용내용내용내용내용내용내용내용내용내용내용내용내용내용', '2020-06-01 14:03:24', 'admin', 0, 'freeboard'),
	(583, '72 번째 자유글입니다. 제목이 긴 게시물입니다. 제목제목제목제목제목제목제목제목제목제목제목제목제목제목제목제목', '72번째 게시글 내용내용내용내용내용내용내용내용내용내용내용내용내용내용내용', '2020-06-01 14:03:24', 'admin', 0, 'freeboard'),
	(584, '73 번째 자유글입니다. 제목이 긴 게시물입니다. 제목제목제목제목제목제목제목제목제목제목제목제목제목제목제목제목', '73번째 게시글 내용내용내용내용내용내용내용내용내용내용내용내용내용내용내용', '2020-06-01 14:03:24', 'admin', 0, 'freeboard'),
	(585, '74 번째 자유글입니다. 제목이 긴 게시물입니다. 제목제목제목제목제목제목제목제목제목제목제목제목제목제목제목제목', '74번째 게시글 내용내용내용내용내용내용내용내용내용내용내용내용내용내용내용', '2020-06-01 14:03:24', 'admin', 0, 'freeboard'),
	(586, '75 번째 자유글입니다. 제목이 긴 게시물입니다. 제목제목제목제목제목제목제목제목제목제목제목제목제목제목제목제목', '75번째 게시글 내용내용내용내용내용내용내용내용내용내용내용내용내용내용내용', '2020-06-01 14:03:24', 'admin', 0, 'freeboard'),
	(587, '76 번째 자유글입니다. 제목이 긴 게시물입니다. 제목제목제목제목제목제목제목제목제목제목제목제목제목제목제목제목', '76번째 게시글 내용내용내용내용내용내용내용내용내용내용내용내용내용내용내용', '2020-06-01 14:03:24', 'admin', 0, 'freeboard'),
	(588, '77 번째 자유글입니다. 제목이 긴 게시물입니다. 제목제목제목제목제목제목제목제목제목제목제목제목제목제목제목제목', '77번째 게시글 내용내용내용내용내용내용내용내용내용내용내용내용내용내용내용', '2020-06-01 14:03:24', 'admin', 0, 'freeboard'),
	(589, '78 번째 자유글입니다. 제목이 긴 게시물입니다. 제목제목제목제목제목제목제목제목제목제목제목제목제목제목제목제목', '78번째 게시글 내용내용내용내용내용내용내용내용내용내용내용내용내용내용내용', '2020-06-01 14:03:24', 'admin', 0, 'freeboard'),
	(590, '79 번째 자유글입니다. 제목이 긴 게시물입니다. 제목제목제목제목제목제목제목제목제목제목제목제목제목제목제목제목', '79번째 게시글 내용내용내용내용내용내용내용내용내용내용내용내용내용내용내용', '2020-06-01 14:03:24', 'admin', 0, 'freeboard'),
	(591, '80 번째 자유글입니다. 제목이 긴 게시물입니다. 제목제목제목제목제목제목제목제목제목제목제목제목제목제목제목제목', '80번째 게시글 내용내용내용내용내용내용내용내용내용내용내용내용내용내용내용', '2020-06-01 14:03:24', 'admin', 0, 'freeboard'),
	(592, '81 번째 자유글입니다. 제목이 긴 게시물입니다. 제목제목제목제목제목제목제목제목제목제목제목제목제목제목제목제목', '81번째 게시글 내용내용내용내용내용내용내용내용내용내용내용내용내용내용내용', '2020-06-01 14:03:24', 'admin', 0, 'freeboard'),
	(593, '82 번째 자유글입니다. 제목이 긴 게시물입니다. 제목제목제목제목제목제목제목제목제목제목제목제목제목제목제목제목', '82번째 게시글 내용내용내용내용내용내용내용내용내용내용내용내용내용내용내용', '2020-06-01 14:03:24', 'admin', 1, 'freeboard'),
	(594, '83 번째 자유글입니다. 제목이 긴 게시물입니다. 제목제목제목제목제목제목제목제목제목제목제목제목제목제목제목제목', '83번째 게시글 내용내용내용내용내용내용내용내용내용내용내용내용내용내용내용', '2020-06-01 14:03:24', 'admin', 1, 'freeboard'),
	(595, '84 번째 자유글입니다. 제목이 긴 게시물입니다. 제목제목제목제목제목제목제목제목제목제목제목제목제목제목제목제목', '84번째 게시글 내용내용내용내용내용내용내용내용내용내용내용내용내용내용내용', '2020-06-01 14:03:24', 'admin', 0, 'freeboard'),
	(596, '85 번째 자유글입니다. 제목이 긴 게시물입니다. 제목제목제목제목제목제목제목제목제목제목제목제목제목제목제목제목', '85번째 게시글 내용내용내용내용내용내용내용내용내용내용내용내용내용내용내용', '2020-06-01 14:03:24', 'admin', 0, 'freeboard'),
	(597, '86 번째 자유글입니다. 제목이 긴 게시물입니다. 제목제목제목제목제목제목제목제목제목제목제목제목제목제목제목제목', '86번째 게시글 내용내용내용내용내용내용내용내용내용내용내용내용내용내용내용', '2020-06-01 14:03:24', 'admin', 0, 'freeboard'),
	(598, '87 번째 자유글입니다. 제목이 긴 게시물입니다. 제목제목제목제목제목제목제목제목제목제목제목제목제목제목제목제목', '87번째 게시글 내용내용내용내용내용내용내용내용내용내용내용내용내용내용내용', '2020-06-01 14:03:24', 'admin', 0, 'freeboard'),
	(599, '88 번째 자유글입니다. 제목이 긴 게시물입니다. 제목제목제목제목제목제목제목제목제목제목제목제목제목제목제목제목', '88번째 게시글 내용내용내용내용내용내용내용내용내용내용내용내용내용내용내용', '2020-06-01 14:03:24', 'admin', 1, 'freeboard'),
	(600, '89 번째 자유글입니다. 제목이 긴 게시물입니다. 제목제목제목제목제목제목제목제목제목제목제목제목제목제목제목제목', '89번째 게시글 내용내용내용내용내용내용내용내용내용내용내용내용내용내용내용', '2020-06-01 14:03:24', 'admin', 0, 'freeboard'),
	(601, '90 번째 자유글입니다. 제목이 긴 게시물입니다. 제목제목제목제목제목제목제목제목제목제목제목제목제목제목제목제목', '90번째 게시글 내용내용내용내용내용내용내용내용내용내용내용내용내용내용내용', '2020-06-01 14:03:24', 'admin', 0, 'freeboard'),
	(602, '91 번째 자유글입니다. 제목이 긴 게시물입니다. 제목제목제목제목제목제목제목제목제목제목제목제목제목제목제목제목', '91번째 게시글 내용내용내용내용내용내용내용내용내용내용내용내용내용내용내용', '2020-06-01 14:03:24', 'admin', 0, 'freeboard'),
	(603, '92 번째 자유글입니다. 제목이 긴 게시물입니다. 제목제목제목제목제목제목제목제목제목제목제목제목제목제목제목제목', '92번째 게시글 내용내용내용내용내용내용내용내용내용내용내용내용내용내용내용', '2020-06-01 14:03:24', 'admin', 0, 'freeboard'),
	(604, '93 번째 자유글입니다. 제목이 긴 게시물입니다. 제목제목제목제목제목제목제목제목제목제목제목제목제목제목제목제목', '93번째 게시글 내용내용내용내용내용내용내용내용내용내용내용내용내용내용내용', '2020-06-01 14:03:24', 'admin', 1, 'freeboard'),
	(605, '94 번째 자유글입니다. 제목이 긴 게시물입니다. 제목제목제목제목제목제목제목제목제목제목제목제목제목제목제목제목', '94번째 게시글 내용내용내용내용내용내용내용내용내용내용내용내용내용내용내용', '2020-06-01 14:03:24', 'admin', 4, 'freeboard'),
	(606, '95 번째 자유글입니다. 제목이 긴 게시물입니다. 제목제목제목제목제목제목제목제목제목제목제목제목제목제목제목제목', '95번째 게시글 내용내용내용내용내용내용내용내용내용내용내용내용내용내용내용', '2020-06-01 14:03:24', 'admin', 0, 'freeboard'),
	(607, '96 번째 자유글입니다. 제목이 긴 게시물입니다. 제목제목제목제목제목제목제목제목제목제목제목제목제목제목제목제목', '96번째 게시글 내용내용내용내용내용내용내용내용내용내용내용내용내용내용내용', '2020-06-01 14:03:24', 'admin', 0, 'freeboard'),
	(608, '97 번째 자유글입니다. 제목이 긴 게시물입니다. 제목제목제목제목제목제목제목제목제목제목제목제목제목제목제목제목', '97번째 게시글 내용내용내용내용내용내용내용내용내용내용내용내용내용내용내용', '2020-06-01 14:03:24', 'admin', 0, 'freeboard'),
	(609, '98 번째 자유글입니다. 제목이 긴 게시물입니다. 제목제목제목제목제목제목제목제목제목제목제목제목제목제목제목제목', '98번째 게시글 내용내용내용내용내용내용내용내용내용내용내용내용내용내용내용', '2020-06-01 14:03:24', 'admin', 59, 'freeboard'),
	(610, '99 번째 자유글입니다. 제목이 긴 게시물입니다. 제목제목제목제목제목제목제목제목제목제목제목제목제목제목제목제목', '99번째 게시글 내용내용내용내용내용내용내용내용내용내용내용내용내용내용내용', '2020-06-01 14:03:24', 'admin', 1, 'freeboard'),
	(611, '100 번째 자유글입니다. 제목이 긴 게시물입니다. 제목제목제목제목제목제목제목제목제목제목제목제목제목제목제목제목', '100번째 게시글 내용내용내용내용내용내용내용내용내용내용내용내용내용내용내용', '2020-06-01 14:03:24', 'admin', 0, 'freeboard'),
	(612, '100 번째 자유글입니다. 제목이 긴 게시물입니다. 제목제목제목제목제목제목제목제목제목제목제목제목제목제목제목제목', '100번째 게시글 내용내용내용내용내용내용내용내용내용내용내용내용내용내용내용', '2020-06-01 14:03:24', 'admin', 0, 'freeboard'),
	(619, 'tjdyj', 'yjyyjjyy', '2020-06-01 16:17:06', 'admin', 1, 'admin'),
	(620, 'sadfadsf', 'sadfsadfsafd', '2020-06-01 16:19:33', 'admin', 6, 'admin'),
	(621, 'sadfadsf', 'sadfsadfsafd', '2020-06-01 16:40:54', 'admin', 5, 'admin'),
	(622, 'safdasdfas', 'dfadssadfsadfsad', '2020-06-01 16:43:44', 'admin', 9, 'admin'),
	(623, 'dfbd', 'dbdsbsdfdfsdsfdsfgd', '2020-06-01 16:44:28', 'admin', 0, 'freeboard'),
	(624, 'jujhhjyhyh', 'thasfd', '2020-06-01 16:44:48', 'admin', 10, 'freeboard'),
	(625, 'hghghnh', 'hhfghfgtg', '2020-06-01 16:47:16', 'admin', 36, 'freeboard'),
	(626, 'fdfdg', 'dfgdgdf', '2020-06-01 17:05:07', 'admin', 0, 'freeboard'),
	(627, 'vfvvvdsdvds', 'vvdvsd', '2020-06-01 17:35:49', 'admin', 7, 'freeboard'),
	(628, 'fd', 'df', '2020-06-01 23:46:54', 'kosmo', 0, 'dataroom'),
	(629, 'fd', 'df', '2020-06-01 23:46:54', 'kosmo', 28, 'dataroom'),
	(635, 'tr', 'ttr', '2020-06-02 01:28:31', 'kosmo', 44, 'freeboard'),
	(636, 'vvvvvvvvvvvvvvvvvvv', 'aaaaaaaaaaaaaaaaaaaaaaa', '2020-06-02 02:42:27', 'kosmo', 5, 'freeboard'),
	(637, 'ㅁㄴㅇㄻㄴㅇㄻㄴㄹ', 'ㅁㄻㅇㄴㄻㅇㅁㄴㄻㄹ', '2020-06-02 11:41:17', 'kosmo', 42, 'freeboard'),
	(638, 'sssssssssssssssss', 'ssssssssssssssssss', '2020-06-02 13:59:51', 'kosmo', 2, 'freeboard'),
	(639, 'ssss33333', 'sssss33333sssss3', '2020-06-02 14:01:17', 'kosmo', 1, 'freeboard'),
	(640, 'ssss33333', 'sssss33333sssss3', '2020-06-02 14:01:24', 'kosmo', 3, 'freeboard'),
	(641, 'ssss33333', 'sssss33333sssss3sadfsa', '2020-06-02 14:01:31', 'kosmo', 4, 'freeboard'),
	(643, 'ssss33333', 'sssss33333sssss3sadfsa', '2020-06-02 14:09:04', 'kosmo', 0, 'freeboard'),
	(644, 'fd', 'df', '2020-06-02 14:26:49', 'kosmo', 1, 'dataroom'),
	(645, '수정됨', 'aaaaaaaaaaa', '2020-06-02 17:44:28', 'kosmo', 1, 'dataroom'),
	(646, 'dfff', 'dfdffddf', '2020-06-02 18:07:33', 'kosmo', 1, 'dataroom'),
	(647, 'ㄴㄴㄴㄴ', 'ㄸㄸ', '2020-06-02 18:20:17', 'kosmo', 0, 'dataroom'),
	(648, 'ㄹㄴㅁㄹㅁㄴㅇㄹ', 'ㅁㄴㅇㄹ', '2020-06-02 18:21:54', 'kosmo', 6, 'dataroom'),
	(649, 'ㄴㅇㄹㄴㅇㄹㅇㄹ', 'ㄴㅇㄹㄴㅁㅇㄹ', '2020-06-02 20:30:27', 'kosmo', 1, 'dataroom'),
	(650, 'adfsadfasdf', 'sdfsadfsdsf', '2020-06-02 22:09:32', 'kosmo', 0, 'dataroom'),
	(651, 'adfsadfasdf', 'sdfsadfsdsf', '2020-06-02 22:16:28', 'kosmo', 1, 'dataroom'),
	(652, 'dffdff', 'dfddf', '2020-06-03 01:53:25', 'kosmo', 0, 'dataroom'),
	(653, 'dffdff', 'dfddf', '2020-06-03 01:56:59', 'kosmo', 0, 'dataroom'),
	(654, 'dffdff', 'dfddf', '2020-06-03 02:01:44', 'kosmo', 0, 'dataroom'),
	(655, 'rrrrrrrrrrrrrrrrrrrrrrrrrrr', 'fff', '2020-06-03 02:02:19', 'kosmo', 1, 'dataroom'),
	(656, 'uuuuu', 'uuuuuu', '2020-06-03 02:09:53', 'kosmo', 0, 'dataroom'),
	(657, 'uuuuu', 'uuuuuu', '2020-06-03 02:10:25', 'kosmo', 0, 'dataroom'),
	(658, '999000', 'kkjjk', '2020-06-03 02:10:32', 'kosmo', 3, 'dataroom'),
	(659, '5', '5', '2020-06-03 02:12:37', 'kosmo', 3, 'dataroom'),
	(660, '00000', 'kk', '2020-06-03 02:18:53', 'kosmo', 0, 'dataroom'),
	(661, '98', 'jh', '2020-06-03 02:19:51', 'kosmo', 0, 'dataroom'),
	(662, 'BBBBBB', '333', '2020-06-03 02:22:25', 'kosmo', 8, 'dataroom'),
	(663, 'BBBBBB', '333', '2020-06-03 02:57:20', 'kosmo', 2, 'dataroom'),
	(664, '4', 's', '2020-06-03 02:59:25', 'kosmo', 3, 'dataroom'),
	(665, '4', 'sfd', '2020-06-03 02:59:33', 'kosmo', 7, 'dataroom'),
	(666, '4e', 'sfd', '2020-06-03 02:59:42', 'kosmo', 8, 'dataroom'),
	(667, 'ㄴㄴㄴㄴㄴㄴㄴㄴㄴㄴㄴ', 'ㄴㄴㄴㄴㄴㄴㄴ', '2020-06-03 08:36:45', 'admin', 3, 'freeboard'),
	(668, 'ㄴㄴㄴㄴㄴㄷㄴㄴ', 'ㄴㄴㄴㄴㄴㄴㄴ', '2020-06-03 08:41:23', 'admin', 1, 'freeboard'),
	(669, 'ㄴㄴㄴ3ㄴㄴ', 'ㄴㄴㄴㄴㄴㄴㄴ', '2020-06-03 08:41:40', 'admin', 3, 'freeboard'),
	(670, '555', '5555', '2020-06-03 10:22:14', 'admin', 0, 'freeboard'),
	(671, '22222', '2222', '2020-06-03 10:25:36', 'admin', 1, 'freeboard'),
	(672, '3333', '3333', '2020-06-03 10:26:53', 'admin', 0, 'freeboard'),
	(673, '3333', '3333', '2020-06-03 10:28:06', 'admin', 2, 'freeboard'),
	(674, '3232', '322323', '2020-06-03 10:33:43', 'admin', 1, 'freeboard'),
	(675, 'dff', 'fd', '2020-06-03 10:45:39', 'admin', 2, 'freeboard'),
	(676, 'sd', 'sdff', '2020-06-03 11:20:28', 'kosmo', 0, 'freeboard'),
	(677, '34444', '444444', '2020-06-03 11:20:35', 'kosmo', 0, 'freeboard'),
	(678, '88888', '8888', '2020-06-03 11:20:40', 'kosmo', 4, 'freeboard'),
	(679, 'ss@@@ss', 'a@@@@asss', '2020-06-03 11:29:23', 'kosmo', 7, 'freeboard'),
	(680, '$$$', '$$$$', '2020-06-03 12:17:37', 'kosmo', 0, 'freeboard'),
	(681, 'ㄴㄴㄴㄴㄴㄴㄴㄴㄴ', '333333', '2020-06-03 12:26:33', 'kosmo', 11, 'dataroom'),
	(682, '4444', '444', '2020-06-03 12:53:30', 'kosmo', 12, 'dataroom'),
	(684, 'ㅇㄹㅇㅇㄹ', 'ㄹㅇㄹㅇ', '2020-06-03 17:33:01', 'kosmo', 0, 'dataroom'),
	(685, '제목1', 'ㄴㅇㅇ', '2020-06-03 17:33:32', 'kosmo', 2, 'dataroom'),
	(686, 'aaa', 'ㅇㅇㄹㅇㄹ', '2020-06-03 17:33:46', 'kosmo', 1, 'dataroom'),
	(687, '222222', 'ㄴㄴㅇㄴㅇ', '2020-06-03 17:34:00', 'kosmo', 7, 'dataroom'),
	(688, 'ㅑㅕㅕㅑㅕㅑㅕㅅ', 'ㅛㅕㅓㅛ룟', '2020-06-03 17:39:00', 'kosmo', 4, 'freeboard'),
	(689, 'ㅜ111ㅜㅜ3ㅜㅜ', 'ㅜ111ㅜㅜㅜ', '2020-06-03 17:51:20', 'kosmo', 16, 'freeboard'),
	(690, 'ㄴㄹㅇㄹㅇ', 'ㅇㄴㄹㅇㄴㄹㄴㅇ', '2020-06-03 18:13:34', 'kosmo', 0, 'dataroom'),
	(691, 'ㅇㄴㅇㄹㅇ', 'ㅇㄴㄹㄴㅇㄹ', '2020-06-03 18:13:44', 'kosmo', 3, 'dataroom'),
	(692, 'ㅃㅂ', 'ㅉ', '2020-06-03 18:15:23', 'kosmo', 1, 'dataroom'),
	(693, 'dfdfdf', 'dfdfd', '2020-06-03 18:20:33', 'kosmo', 0, 'dataroom'),
	(694, 'aaaa', 'aaaaa', '2020-06-03 18:22:16', 'kosmo', 1, 'dataroom'),
	(695, 'd', 'd', '2020-06-03 18:31:13', 'kosmo', 1, 'dataroom'),
	(696, 'f', 'f', '2020-06-03 18:31:27', 'kosmo', 2, 'dataroom'),
	(697, 's', 's', '2020-06-03 18:33:07', 'kosmo', 4, 'dataroom'),
	(699, '3333333', '33333', '2020-06-03 20:36:31', 'kosmo', 2, 'dataroom'),
	(701, 'zzzzzzzzzzzzzz', 'zzzzzzz', '2020-06-03 20:37:24', 'kosmo', 2, 'dataroom'),
	(702, 'fds', 'ddfsdfd', '2020-06-03 20:48:12', 'kosmo', 1, 'dataroom'),
	(703, 'dfsdf', 'dsfdffds', '2020-06-03 20:49:20', 'kosmo', 0, 'dataroom'),
	(704, 'vv', 'vv', '2020-06-03 20:49:41', 'kosmo', 0, 'dataroom'),
	(705, 'ccc', 'ccc', '2020-06-03 20:50:10', 'kosmo', 1, 'dataroom'),
	(706, 'ssss3sssssssss', 'sssssssssss332', '2020-06-03 20:54:37', 'kosmo', 1, 'dataroom'),
	(707, 'vvv', 'vvv', '2020-06-03 20:59:57', 'kosmo', 1, 'dataroom'),
	(708, 'sss', 'sss', '2020-06-03 21:00:36', 'kosmo', 1, 'freeboard'),
	(709, 't5', 't', '2020-06-03 21:00:46', 'kosmo', 2, 'freeboard'),
	(710, '7u3u3333337', 'u7u333333337', '2020-06-03 21:00:55', 'kosmo', 3, 'dataroom'),
	(711, 'dd', 'dd', '2020-06-03 21:02:54', 'kosmo', 3, 'dataroom'),
	(712, '2243233333#@@@#', '22', '2020-06-03 21:05:12', 'kosmo', 6, 'dataroom'),
	(713, 'zz', 'zzz', '2020-06-03 21:21:28', 'kosmo', 3, 'dataroom'),
	(714, 'd', 'd', '2020-06-03 21:40:19', 'kosmo', 0, 'gallery'),
	(715, '2', '2', '2020-06-03 21:40:28', 'kosmo', 0, 'gallery'),
	(716, '3', '3', '2020-06-03 21:40:34', 'kosmo', 0, 'gallery'),
	(717, '제목1', '내용1', '2020-06-03 21:41:19', 'kosmo', 0, 'gallery'),
	(718, '제목1', '내용1', '2020-06-03 21:41:20', 'kosmo', 0, 'gallery'),
	(719, '제목1', '내용1', '2020-06-03 21:41:20', 'kosmo', 0, 'gallery'),
	(720, '제목1', '내용1', '2020-06-03 21:41:20', 'kosmo', 0, 'gallery'),
	(721, '제목1', '내용1', '2020-06-03 21:41:20', 'kosmo', 0, 'gallery'),
	(722, '제목1', '내용1', '2020-06-03 21:41:20', 'kosmo', 0, 'gallery'),
	(723, '제목1', '내용1', '2020-06-03 21:41:21', 'kosmo', 0, 'gallery'),
	(724, '제목1', '내용1', '2020-06-03 21:41:21', 'kosmo', 0, 'gallery'),
	(725, '제목1', '내용1', '2020-06-03 21:41:21', 'kosmo', 0, 'gallery'),
	(726, '제목1', '내용1', '2020-06-03 21:41:21', 'kosmo', 0, 'gallery'),
	(727, '제목1', '내용1', '2020-06-03 21:41:21', 'kosmo', 0, 'gallery'),
	(728, '제목1', '내용1', '2020-06-03 21:41:21', 'kosmo', 0, 'gallery'),
	(729, '제목1', '내용1', '2020-06-03 21:41:21', 'kosmo', 0, 'gallery'),
	(730, '제목1', '내용1', '2020-06-03 21:41:21', 'kosmo', 0, 'gallery'),
	(731, '제목1', '내용1', '2020-06-03 21:41:22', 'kosmo', 1, 'gallery'),
	(732, '제목1', '내용1', '2020-06-03 21:41:22', 'kosmo', 0, 'gallery'),
	(733, '제목1', '내용1', '2020-06-03 21:41:22', 'kosmo', 0, 'gallery'),
	(734, '제목1', '내용1', '2020-06-03 21:41:22', 'kosmo', 0, 'gallery'),
	(735, '제목1', '내용1', '2020-06-03 21:41:22', 'kosmo', 0, 'gallery'),
	(736, '제목1', '내용1', '2020-06-03 21:41:22', 'kosmo', 0, 'gallery'),
	(737, '제목1', '내용1', '2020-06-03 21:41:23', 'kosmo', 0, 'gallery'),
	(738, '제목1', '내용1', '2020-06-03 21:41:23', 'kosmo', 0, 'gallery'),
	(739, '제목1', '내용1', '2020-06-03 21:41:23', 'kosmo', 0, 'gallery'),
	(740, '제목1', '내용1', '2020-06-03 21:41:23', 'kosmo', 0, 'gallery'),
	(741, '제목1', 'dddd', '2020-06-04 00:15:49', 'kosmo', 4, 'gallery'),
	(742, '제목2', 'd', '2020-06-04 00:16:06', 'kosmo', 1, 'gallery'),
	(743, 'rrrr', 'rrrrr', '2020-06-04 00:25:46', 'kosmo', 0, 'freeboard'),
	(744, '0000', '00000', '2020-06-04 00:25:57', 'kosmo', 1, 'dataroom'),
	(745, 'gg', '3', '2020-06-04 00:27:09', 'kosmo', 1, 'gallery'),
	(746, 'aaa', 'xzx', '2020-06-04 00:46:13', 'kosmo', 2, 'gallery'),
	(747, 'oo', 'oo', '2020-06-04 00:46:27', 'kosmo', 5, 'gallery'),
	(748, 'klff수정2', 'jk수정', '2020-06-04 00:46:48', 'kosmo', 44, 'gallery'),
	(749, '제목이다4', 'ㅇㄴㄹㄴ4', '2020-06-04 09:19:04', 'kosmo', 18, 'gallery'),
	(750, 'ㅇㄴ', 'ㄴㅇ', '2020-06-04 14:59:38', 'admin', 1, 'community'),
	(752, 'ㄹㄹㅇㄹㅇ', 'ㄹㅇㄹㅇㄹㅇㄹ', '2020-06-04 16:34:37', 'admin', 17, 'volunteer'),
	(753, 'fffffffffffffff', 'ggggggggggg', '2020-06-04 17:34:46', 'kosmo', 0, 'gallery'),
	(754, 'd!d3', 'ddd', '2020-06-04 17:36:16', 'kosmo', 9, 'gallery'),
	(756, '새글1', '새글1', '2020-06-04 20:49:33', 'kosmo', 1, 'gallery'),
	(757, 'ffffffffffffffffffffffffffffffffffffffffffffffffffffffffffffffffffffffffffffffffffffffffffffffffffffffffffffffffffffffffffffffffffffffffffffffffffffff', 'ssssssssssssss', '2020-06-04 21:53:06', 'kosmo', 6, 'dataroom'),
	(758, 'dd', 'dd', '2020-06-04 22:31:07', 'admin', 7, 'community'),
	(759, 'ㅇㅇ', 'ㅇㅇㅇ', '2020-06-05 17:12:59', 'admin', 0, 'gallery'),
	(760, 'ㅇㅇ', 'ㅇㅇㅇ', '2020-06-05 17:12:59', 'admin', 0, 'gallery'),
	(761, 'ㅏㅏㅏㅏㅏ', 'ㅏㅏㅏㅏ', '2020-06-05 17:13:16', 'admin', 0, 'gallery'),
	(762, 'ㅜㅜㅜㅜ', 'ㅜㅜㅜㅜㅜ', '2020-06-05 17:13:52', 'admin', 1, 'gallery'),
	(763, 'ㅊ', 'ㅊㅊㅊㅊ', '2020-06-05 17:15:28', 'admin', 0, 'gallery'),
	(764, 'ㅔㅔㅔㅔ', 'ㅔㅔㅔㅔ', '2020-06-05 17:15:54', 'admin', 0, 'gallery'),
	(765, 'ㅜㅠㅜ676', 'ㅜㅜ', '2020-06-05 17:16:56', 'admin', 0, 'gallery'),
	(766, 'ㄹㄹ', 'ㄹㄹㄹ', '2020-06-05 17:21:06', 'admin', 0, 'gallery'),
	(767, 'ds', 'dsds', '2020-06-05 17:28:36', 'kosmo', 0, 'dataroom'),
	(768, 'iiuui', 'uiuuu', '2020-06-05 17:29:05', 'kosmo', 0, 'gallery'),
	(769, '제목', 'k', '2020-06-05 17:29:15', 'kosmo', 1, 'gallery'),
	(770, 'pooioiuoi', 'yuuiiiui', '2020-06-05 17:37:51', 'admin', 0, 'gallery'),
	(771, 'cc', 'ccxxc', '2020-06-05 17:37:59', 'admin', 1, 'gallery'),
	(772, 'fvv', 'vvfvf', '2020-06-05 17:42:45', 'kosmo', 1, 'gallery'),
	(773, '676666', '66666', '2020-06-05 17:56:34', 'kosmo', 1, 'gallery'),
	(774, 'iiiiiiiiiiiii', 'iiiiiiiiiiii', '2020-06-05 18:03:32', 'kosmo', 5, 'gallery'),
	(775, 'aaa', 'ccd', '2020-06-05 18:17:26', 'kosmo', 4, 'gallery'),
	(776, 'dd', 'zz', '2020-06-05 18:17:52', 'kosmo', 2, 'gallery'),
	(777, 'ddssdf', 'dfdfdf', '2020-06-05 18:25:40', 'kosmo', 2, 'dataroom'),
	(778, 'xxxxxx', 'xx', '2020-06-06 08:49:21', 'admin', 21, 'community'),
	(779, 'cc', 'cc', '2020-06-06 12:23:11', 'admin', 1, 'dataroom'),
	(780, 'ddfdd22', 'efeeeef', '2020-06-06 13:37:30', 'admin', 2, 'dataroom'),
	(781, 'fff', 'fff', '2020-06-06 15:28:15', 'admin', 0, 'community'),
	(782, 's', 's', '2020-06-06 15:28:20', 'admin', 1, 'community'),
	(783, 'e', '4', '2020-06-06 15:28:24', 'admin', 0, 'community'),
	(784, '4', '4', '2020-06-06 15:28:28', 'admin', 0, 'community'),
	(785, 'x', 'x', '2020-06-06 15:28:32', 'admin', 0, 'community'),
	(786, 'i', 'i', '2020-06-06 15:28:37', 'admin', 0, 'community'),
	(787, 't', 'b', '2020-06-06 15:28:40', 'admin', 0, 'community'),
	(788, 'f', 'f', '2020-06-06 15:28:44', 'admin', 1, 'community'),
	(789, 'x', 'xd', '2020-06-06 15:28:49', 'admin', 2, 'community'),
	(790, 'df', 'df', '2020-06-06 15:28:55', 'admin', 5, 'community'),
	(791, 'xx', 'xx', '2020-06-06 15:29:12', 'admin', 10, 'community'),
	(792, 'df', 'vdfvdfvdv', '2020-06-06 15:44:35', 'admin', 0, 'community'),
	(793, 'dfdffd', 'dfdffdd', '2020-06-06 15:45:03', 'admin', 1, 'volunteer'),
	(794, 'sfsdfsfsafafasdfassdddddddddddddddddd', 'fsdafasdfasd', '2020-06-06 15:57:37', 'admin', 2, 'community'),
	(795, 'dfdf', 'dfdfdfd', '2020-06-06 15:59:04', 'admin', 0, 'volunteer'),
	(796, 'sdfsd', 'fdsfdsfdsfd', '2020-06-06 16:32:30', 'admin', 0, 'community'),
	(797, 'sdfsd', 'fdsfdsfdsfd', '2020-06-06 16:32:47', 'admin', 0, 'community'),
	(798, 'mmmm', 'mmmmmmm', '2020-06-06 16:35:37', 'admin', 0, 'community'),
	(799, 'mmmm', 'mmmmmmm', '2020-06-06 16:36:54', 'admin', 0, 'community'),
	(800, 'mmmm', 'mmmmmmm', '2020-06-06 16:38:55', 'admin', 0, 'community'),
	(801, 'xxx', 'xxxx', '2020-06-06 16:41:33', 'admin', 0, 'community'),
	(802, 'ccc', 'cx', '2020-06-06 16:43:31', 'admin', 1, 'community'),
	(803, 'vccv', 'cvc', '2020-06-06 16:43:46', 'admin', 0, 'community'),
	(804, 'vccv', 'cvc', '2020-06-06 16:44:22', 'admin', 0, 'community'),
	(805, 'vccv', 'cvc', '2020-06-06 16:44:32', 'admin', 0, 'community'),
	(806, 'vccv', 'cvc', '2020-06-06 16:45:21', 'admin', 0, 'community'),
	(807, 'vccv', 'cvc', '2020-06-06 16:47:29', 'admin', 0, 'community'),
	(808, 'vccv', 'cvc', '2020-06-06 16:49:24', 'admin', 0, 'community'),
	(809, 'vccv', 'cvc', '2020-06-06 16:50:26', 'admin', 0, 'community'),
	(810, 'nn', 'nn', '2020-06-06 16:52:21', 'admin', 0, 'community'),
	(814, '@@ddssdf222222', 'ddfdfd', '2020-06-06 17:10:55', 'admin', 5, 'community'),
	(815, '6u656u', '6665u', '2020-06-06 17:25:14', 'admin', 2, 'volunteer'),
	(817, '자원봉사 활동', '[오후 2시 30분]:마포 복지관 자원봉사활동 참여대상: 20~30대 남여 장소:마포 복지관 강당 준비물: 면장갑', '2020-06-07 18:35:35', 'admin', 0, 'plan'),
	(818, '자원봉사 활동', '[오후 2시 30분]:마포 복지관 자원봉사활동 참여대상: 20~30대 남여 \n 장소:마포 복지관 강당 \n 준비물: 면장갑', '2020-06-07 23:47:19', 'admin', 0, 'plan'),
	(819, '78i877888755686776', '6776745445', '2020-06-08 13:18:42', 'kosmo', 0, 'gallery'),
	(820, 'iuiumiy7y7676', 'n77u7', '2020-06-08 13:19:20', 'kosmo', 0, 'gallery');
/*!40000 ALTER TABLE `multi_board` ENABLE KEYS */;

/*!40101 SET SQL_MODE=IFNULL(@OLD_SQL_MODE, '') */;
/*!40014 SET FOREIGN_KEY_CHECKS=IF(@OLD_FOREIGN_KEY_CHECKS IS NULL, 1, @OLD_FOREIGN_KEY_CHECKS) */;
/*!40101 SET CHARACTER_SET_CLIENT=@OLD_CHARACTER_SET_CLIENT */;
